time,.linear.x,.linear.y,.linear.z,.angular.x,.angular.y,.angular.z
2021/07/09/14:48:16.319752,0.022,0.0,0.0,0.0,0.0,0.0
2021/07/09/14:48:16.420022,0.022,0.0,0.0,0.0,0.0,0.0
2021/07/09/14:48:16.520340,0.022,0.0,0.0,0.0,0.0,0.0
2021/07/09/14:48:16.620656,0.022,0.0,0.0,0.0,0.0,0.0
2021/07/09/14:48:16.720877,0.022,0.0,0.0,0.0,0.0,0.0
2021/07/09/14:48:16.821222,0.022,0.0,0.0,0.0,0.0,0.0
2021/07/09/14:48:16.921567,0.022,0.0,0.0,0.0,0.0,0.0
2021/07/09/14:48:17.021869,0.022,0.0,0.0,0.0,0.0,0.0
2021/07/09/14:48:17.122336,0.022,0.0,0.0,0.0,0.0,0.0
2021/07/09/14:48:17.222558,0.022,0.0,0.0,0.0,0.0,0.0
2021/07/09/14:48:17.322892,0.022,0.0,0.0,0.0,0.0,0.0
2021/07/09/14:48:17.423270,0.022,0.0,0.0,0.0,0.0,0.0
2021/07/09/14:48:17.523725,0.022,0.0,0.0,0.0,0.0,0.0
2021/07/09/14:48:17.623864,0.022,0.0,0.0,0.0,0.0,0.0
2021/07/09/14:48:17.724077,0.022,0.0,0.0,0.0,0.0,0.0
2021/07/09/14:48:17.824528,0.022,0.0,0.0,0.0,0.0,0.0
2021/07/09/14:48:17.924718,0.022,0.0,0.0,0.0,0.0,0.0
2021/07/09/14:48:18.024992,0.022,0.0,0.0,0.0,0.0,0.0
2021/07/09/14:48:18.125201,0.022,0.0,0.0,0.0,0.0,0.0
2021/07/09/14:48:18.225457,0.022,0.0,0.0,0.0,0.0,0.0
2021/07/09/14:48:18.326645,0.022,0.0,0.0,0.0,0.0,0.0
2021/07/09/14:48:18.426078,0.022,0.0,0.0,0.0,0.0,0.0
2021/07/09/14:48:18.526455,0.022,0.0,0.0,0.0,0.0,0.0
2021/07/09/14:48:18.626678,0.022,0.0,0.0,0.0,0.0,0.0
2021/07/09/14:48:18.727050,0.022,0.0,0.0,0.0,0.0,0.0
2021/07/09/14:48:18.827456,0.022,0.0,0.0,0.0,0.0,0.0
2021/07/09/14:48:18.927749,0.022,0.0,0.0,0.0,0.0,0.0
2021/07/09/14:48:19.028005,0.022,0.0,0.0,0.0,0.0,0.0
2021/07/09/14:48:19.128235,0.022,0.0,0.0,0.0,0.0,0.0
2021/07/09/14:48:19.228610,0.022,0.0,0.0,0.0,0.0,0.0
2021/07/09/14:48:19.328882,0.022,0.0,0.0,0.0,0.0,0.0
2021/07/09/14:48:19.429189,0.022,0.0,0.0,0.0,0.0,0.0
2021/07/09/14:48:19.529439,0.022,0.0,0.0,0.0,0.0,0.0
2021/07/09/14:48:19.629730,0.022,0.0,0.0,0.0,0.0,0.0
2021/07/09/14:48:19.730187,0.022,0.0,0.0,0.0,0.0,0.0
2021/07/09/14:48:19.830521,0.022,0.0,0.0,0.0,0.0,0.0
2021/07/09/14:48:19.930843,0.022,0.0,0.0,0.0,0.0,0.0
2021/07/09/14:48:20.030986,0.022,0.0,0.0,0.0,0.0,0.0
2021/07/09/14:48:20.131247,0.022,0.0,0.0,0.0,0.0,0.0
2021/07/09/14:48:20.231527,0.022,0.0,0.0,0.0,0.0,0.0
2021/07/09/14:48:20.332014,0.022,0.0,0.0,0.0,0.0,0.0
2021/07/09/14:48:20.432278,0.022,0.0,0.0,0.0,0.0,0.0
2021/07/09/14:48:20.532625,0.022,0.0,0.0,0.0,0.0,0.0
2021/07/09/14:48:20.633003,0.022,0.0,0.0,0.0,0.0,0.0
2021/07/09/14:48:20.733204,0.022,0.0,0.0,0.0,0.0,0.0
2021/07/09/14:48:20.833644,0.022,0.0,0.0,0.0,0.0,0.0
2021/07/09/14:48:20.933784,0.022,0.0,0.0,0.0,0.0,0.0
2021/07/09/14:48:21.034130,0.022,0.0,0.0,0.0,0.0,0.0
2021/07/09/14:48:21.134395,0.022,0.0,0.0,0.0,0.0,0.0
2021/07/09/14:48:21.234639,0.022,0.0,0.0,0.0,0.0,0.0
2021/07/09/14:48:21.335092,0.022,0.0,0.0,0.0,0.0,0.0
2021/07/09/14:48:21.435381,0.022,0.0,0.0,0.0,0.0,0.0
2021/07/09/14:48:21.535711,0.022,0.0,0.0,0.0,0.0,0.0
2021/07/09/14:48:21.636032,0.022,0.0,0.0,0.0,0.0,0.0
2021/07/09/14:48:21.736413,0.022,0.0,0.0,0.0,0.0,0.0
2021/07/09/14:48:21.836786,0.022,0.0,0.0,0.0,0.0,0.0
2021/07/09/14:48:21.937072,0.022,0.0,0.0,0.0,0.0,0.0
2021/07/09/14:48:22.037396,0.022,0.0,0.0,0.0,0.0,0.0
2021/07/09/14:48:22.137597,0.022,0.0,0.0,0.0,0.0,0.0
2021/07/09/14:48:22.237921,0.022,0.0,0.0,0.0,0.0,0.0
2021/07/09/14:48:22.338345,0.022,0.0,0.0,0.0,0.0,0.0
2021/07/09/14:48:22.438489,0.022,0.0,0.0,0.0,0.0,0.0
2021/07/09/14:48:22.538872,0.022,0.0,0.0,0.0,0.0,0.0
2021/07/09/14:48:22.639134,0.022,0.0,0.0,0.0,0.0,0.0
2021/07/09/14:48:22.739383,0.022,0.0,0.0,0.0,0.0,0.0
2021/07/09/14:48:22.839759,0.022,0.0,0.0,0.0,0.0,0.0
2021/07/09/14:48:22.939925,0.022,0.0,0.0,0.0,0.0,0.0
2021/07/09/14:48:23.040319,0.022,0.0,0.0,0.0,0.0,0.0
2021/07/09/14:48:23.140609,0.022,0.0,0.0,0.0,0.0,0.0
2021/07/09/14:48:23.240844,0.022,0.0,0.0,0.0,0.0,0.0
2021/07/09/14:48:23.341156,0.022,0.0,0.0,0.0,0.0,0.0
2021/07/09/14:48:23.441605,0.022,0.0,0.0,0.0,0.0,0.0
2021/07/09/14:48:23.541950,0.022,0.0,0.0,0.0,0.0,0.0
2021/07/09/14:48:23.642215,0.022,0.0,0.0,0.0,0.0,0.0
2021/07/09/14:48:23.742620,0.022,0.0,0.0,0.0,0.0,0.0
2021/07/09/14:48:23.842891,0.022,0.0,0.0,0.0,0.0,0.0
2021/07/09/14:48:23.943444,0.022,0.0,0.0,0.0,0.0,0.0
2021/07/09/14:48:24.043817,0.022,0.0,0.0,0.0,0.0,0.0
2021/07/09/14:48:24.144292,0.022,0.0,0.0,0.0,0.0,0.0
2021/07/09/14:48:24.244449,0.022,0.0,0.0,0.0,0.0,0.0
2021/07/09/14:48:24.344774,0.022,0.0,0.0,0.0,0.0,0.0
2021/07/09/14:48:24.445265,0.022,0.0,0.0,0.0,0.0,0.0
2021/07/09/14:48:24.545621,0.022,0.0,0.0,0.0,0.0,0.0
2021/07/09/14:48:24.645976,0.022,0.0,0.0,0.0,0.0,0.0
2021/07/09/14:48:24.746367,0.022,0.0,0.0,0.0,0.0,0.0
2021/07/09/14:48:24.846704,0.022,0.0,0.0,0.0,0.0,0.0
2021/07/09/14:48:24.947078,0.022,0.0,0.0,0.0,0.0,0.0
2021/07/09/14:48:25.047379,0.022,0.0,0.0,0.0,0.0,0.0
2021/07/09/14:48:25.147941,0.022,0.0,0.0,0.0,0.0,0.0
2021/07/09/14:48:25.248234,0.022,0.0,0.0,0.0,0.0,0.0
2021/07/09/14:48:25.348497,0.022,0.0,0.0,0.0,0.0,0.0
2021/07/09/14:48:25.449344,0.022,0.0,0.0,0.0,0.0,0.0
2021/07/09/14:48:25.549595,0.022,0.0,0.0,0.0,0.0,0.0
2021/07/09/14:48:25.649940,0.022,0.0,0.0,0.0,0.0,0.0
2021/07/09/14:48:25.750293,0.022,0.0,0.0,0.0,0.0,0.0
2021/07/09/14:48:25.850687,0.022,0.0,0.0,0.0,0.0,0.0
2021/07/09/14:48:25.951336,0.022,0.0,0.0,0.0,0.0,0.0
2021/07/09/14:48:26.051670,0.022,0.0,0.0,0.0,0.0,0.0
2021/07/09/14:48:26.152067,0.022,0.0,0.0,0.0,0.0,0.0
2021/07/09/14:48:26.252534,0.022,0.0,0.0,0.0,0.0,0.0
2021/07/09/14:48:26.352779,0.022,0.0,0.0,0.0,0.0,0.0
2021/07/09/14:48:26.453283,0.022,0.0,0.0,0.0,0.0,0.0
2021/07/09/14:48:26.553722,0.022,0.0,0.0,0.0,0.0,0.0
2021/07/09/14:48:26.654063,0.022,0.0,0.0,0.0,0.0,0.0
2021/07/09/14:48:26.754457,0.022,0.0,0.0,0.0,0.0,0.0
2021/07/09/14:48:26.854597,0.022,0.0,0.0,0.0,0.0,0.0
2021/07/09/14:48:26.954977,0.022,0.0,0.0,0.0,0.0,0.0
2021/07/09/14:48:27.055187,0.022,0.0,0.0,0.0,0.0,0.0
2021/07/09/14:48:27.155419,0.022,0.0,0.0,0.0,0.0,0.0
2021/07/09/14:48:27.255707,0.022,0.0,0.0,0.0,0.0,0.0
2021/07/09/14:48:27.355896,0.022,0.0,0.0,0.0,0.0,0.0
2021/07/09/14:48:27.456185,0.022,0.0,0.0,0.0,0.0,0.0
2021/07/09/14:48:27.556470,0.022,0.0,0.0,0.0,0.0,0.0
2021/07/09/14:48:27.656728,0.022,0.0,0.0,0.0,0.0,0.0
2021/07/09/14:48:27.757047,0.022,0.0,0.0,0.0,0.0,0.0
2021/07/09/14:48:27.857215,0.022,0.0,0.0,0.0,0.0,0.0
2021/07/09/14:48:27.957503,0.022,0.0,0.0,0.0,0.0,0.0
2021/07/09/14:48:28.057837,0.022,0.0,0.0,0.0,0.0,0.0
2021/07/09/14:48:28.158075,0.022,0.0,0.0,0.0,0.0,0.0
2021/07/09/14:48:28.258421,0.022,0.0,0.0,0.0,0.0,0.0
2021/07/09/14:48:28.358710,0.022,0.0,0.0,0.0,0.0,0.0
2021/07/09/14:48:28.459047,0.022,0.0,0.0,0.0,0.0,0.0
2021/07/09/14:48:28.559255,0.022,0.0,0.0,0.0,0.0,0.0
2021/07/09/14:48:28.659581,0.022,0.0,0.0,0.0,0.0,0.0
2021/07/09/14:48:28.759913,0.022,0.0,0.0,0.0,0.0,0.0
2021/07/09/14:48:28.860169,0.022,0.0,0.0,0.0,0.0,0.0
2021/07/09/14:48:28.960483,0.022,0.0,0.0,0.0,0.0,0.0
2021/07/09/14:48:29.060766,0.022,0.0,0.0,0.0,0.0,0.0
2021/07/09/14:48:29.161138,0.022,0.0,0.0,0.0,0.0,0.0
2021/07/09/14:48:29.261415,0.022,0.0,0.0,0.0,0.0,0.0
2021/07/09/14:48:29.361728,0.022,0.0,0.0,0.0,0.0,0.0
2021/07/09/14:48:29.462023,0.022,0.0,0.0,0.0,0.0,0.0
2021/07/09/14:48:29.562440,0.022,0.0,0.0,0.0,0.0,0.0
2021/07/09/14:48:29.662714,0.022,0.0,0.0,0.0,0.0,0.0
2021/07/09/14:48:29.762987,0.022,0.0,0.0,0.0,0.0,0.0
2021/07/09/14:48:29.863243,0.022,0.0,0.0,0.0,0.0,0.0
2021/07/09/14:48:29.963543,0.022,0.0,0.0,0.0,0.0,0.0
2021/07/09/14:48:30.063898,0.022,0.0,0.0,0.0,0.0,0.0
2021/07/09/14:48:30.164182,0.022,0.0,0.0,0.0,0.0,0.0
2021/07/09/14:48:30.264421,0.022,0.0,0.0,0.0,0.0,0.0
2021/07/09/14:48:30.364690,0.022,0.0,0.0,0.0,0.0,0.0
2021/07/09/14:48:30.465078,0.022,0.0,0.0,0.0,0.0,0.0
2021/07/09/14:48:30.565469,0.022,0.0,0.0,0.0,0.0,0.0
2021/07/09/14:48:30.665897,0.022,0.0,0.0,0.0,0.0,0.0
2021/07/09/14:48:30.766077,0.022,0.0,0.0,0.0,0.0,0.0
2021/07/09/14:48:30.866296,0.022,0.0,0.0,0.0,0.0,0.0
2021/07/09/14:48:30.966603,0.022,0.0,0.0,0.0,0.0,0.0
2021/07/09/14:48:31.066879,0.022,0.0,0.0,0.0,0.0,0.0
2021/07/09/14:48:31.167245,0.022,0.0,0.0,0.0,0.0,0.0
2021/07/09/14:48:31.267569,0.022,0.0,0.0,0.0,0.0,0.0
2021/07/09/14:48:31.367729,0.022,0.0,0.0,0.0,0.0,0.0
2021/07/09/14:48:31.468063,0.022,0.0,0.0,0.0,0.0,0.0
2021/07/09/14:48:31.568324,0.022,0.0,0.0,0.0,0.0,0.0
2021/07/09/14:48:31.668632,0.022,0.0,0.0,0.0,0.0,0.0
2021/07/09/14:48:31.768955,0.022,0.0,0.0,0.0,0.0,0.0
2021/07/09/14:48:31.869276,0.022,0.0,0.0,0.0,0.0,0.0
2021/07/09/14:48:31.969585,0.022,0.0,0.0,0.0,0.0,0.0
2021/07/09/14:48:32.069868,0.022,0.0,0.0,0.0,0.0,0.0
2021/07/09/14:48:32.170194,0.022,0.0,0.0,0.0,0.0,0.0
2021/07/09/14:48:32.270448,0.0,0.0,0.0,0.0,0.0,0.0
2021/07/09/14:48:32.370643,0.0,0.0,0.0,0.0,0.0,0.0
2021/07/09/14:48:32.470930,0.0,0.0,0.0,0.0,0.0,0.0
2021/07/09/14:48:32.571422,0.0,0.0,0.0,0.0,0.0,0.0
2021/07/09/14:48:32.671882,0.0,0.0,0.0,0.0,0.0,0.0
2021/07/09/14:48:32.772304,0.0,0.0,0.0,0.0,0.0,0.0
2021/07/09/14:48:32.872546,0.0,0.0,0.0,0.0,0.0,0.0
2021/07/09/14:48:32.972810,0.0,0.0,0.0,0.0,0.0,0.0
2021/07/09/14:48:33.073229,0.0,0.0,0.0,0.0,0.0,0.0
2021/07/09/14:48:33.173458,0.0,0.0,0.0,0.0,0.0,0.0
2021/07/09/14:48:33.273789,0.0,0.0,0.0,0.0,0.0,0.0
2021/07/09/14:48:33.374178,0.0,0.0,0.0,0.0,0.0,0.0
2021/07/09/14:48:33.474390,0.0,0.0,0.0,0.0,0.0,0.0
2021/07/09/14:48:33.574657,0.0,0.0,0.0,0.0,0.0,0.0
2021/07/09/14:48:33.674990,0.0,0.0,0.0,0.0,0.0,0.0
2021/07/09/14:48:33.775195,0.0,0.0,0.0,0.0,0.0,0.0
2021/07/09/14:48:33.875381,0.0,0.0,0.0,0.0,0.0,0.0
2021/07/09/14:48:33.975619,0.0,0.0,0.0,0.0,0.0,0.0
2021/07/09/14:48:34.075979,0.0,0.0,0.0,0.0,0.0,0.0
2021/07/09/14:48:34.176384,0.0,0.0,0.0,0.0,0.0,0.0
2021/07/09/14:48:34.276862,0.0,0.0,0.0,0.0,0.0,0.0
2021/07/09/14:48:34.377159,0.0,0.0,0.0,0.0,0.0,0.0
2021/07/09/14:48:34.477374,-0.044,0.0,0.0,0.0,0.0,0.0
2021/07/09/14:48:34.577657,-0.044,0.0,0.0,0.0,0.0,0.0
2021/07/09/14:48:34.678031,-0.044,0.0,0.0,0.0,0.0,0.0
2021/07/09/14:48:34.778325,-0.044,0.0,0.0,0.0,0.0,0.0
2021/07/09/14:48:34.878548,-0.044,0.0,0.0,0.0,0.0,0.0
2021/07/09/14:48:34.978851,-0.044,0.0,0.0,0.0,0.0,0.0
2021/07/09/14:48:35.079250,-0.044,0.0,0.0,0.0,0.0,0.0
2021/07/09/14:48:35.179458,-0.044,0.0,0.0,0.0,0.0,0.0
2021/07/09/14:48:35.279666,-0.044,0.0,0.0,0.0,0.0,0.0
2021/07/09/14:48:35.379927,-0.044,0.0,0.0,0.0,0.0,0.0
2021/07/09/14:48:35.480115,-0.044,0.0,0.0,0.0,0.0,0.0
2021/07/09/14:48:35.580444,-0.044,0.0,0.0,0.0,0.0,0.0
2021/07/09/14:48:35.680842,-0.044,0.0,0.0,0.0,0.0,0.0
2021/07/09/14:48:35.781166,-0.044,0.0,0.0,0.0,0.0,0.0
2021/07/09/14:48:35.881489,-0.044,0.0,0.0,0.0,0.0,0.0
2021/07/09/14:48:35.981753,-0.044,0.0,0.0,0.0,0.0,0.0
2021/07/09/14:48:36.082059,-0.044,0.0,0.0,0.0,0.0,0.0
2021/07/09/14:48:36.182429,-0.044,0.0,0.0,0.0,0.0,0.0
2021/07/09/14:48:36.282625,-0.044,0.0,0.0,0.0,0.0,0.0
2021/07/09/14:48:36.382881,-0.044,0.0,0.0,0.0,0.0,0.0
2021/07/09/14:48:36.483067,-0.044,0.0,0.0,0.0,0.0,0.0
2021/07/09/14:48:36.583309,-0.044,0.0,0.0,0.0,0.0,0.0
2021/07/09/14:48:36.683660,-0.044,0.0,0.0,0.0,0.0,0.0
2021/07/09/14:48:36.784038,-0.044,0.0,0.0,0.0,0.0,0.0
2021/07/09/14:48:36.884369,-0.044,0.0,0.0,0.0,0.0,0.0
2021/07/09/14:48:36.984582,-0.044,0.0,0.0,0.0,0.0,0.0
2021/07/09/14:48:37.084850,-0.044,0.0,0.0,0.0,0.0,0.0
2021/07/09/14:48:37.185189,-0.044,0.0,0.0,0.0,0.0,0.0
2021/07/09/14:48:37.285479,-0.044,0.0,0.0,0.0,0.0,0.0
2021/07/09/14:48:37.385895,-0.044,0.0,0.0,0.0,0.0,0.0
2021/07/09/14:48:37.486061,-0.044,0.0,0.0,0.0,0.0,0.0
2021/07/09/14:48:37.586456,-0.044,0.0,0.0,0.0,0.0,0.0
2021/07/09/14:48:37.686744,-0.044,0.0,0.0,0.0,0.0,0.0
2021/07/09/14:48:37.787202,-0.044,0.0,0.0,0.0,0.0,0.0
2021/07/09/14:48:37.887772,-0.044,0.0,0.0,0.0,0.0,0.0
2021/07/09/14:48:37.988037,-0.044,0.0,0.0,0.0,0.0,0.0
2021/07/09/14:48:38.088268,-0.044,0.0,0.0,0.0,0.0,0.0
2021/07/09/14:48:38.188556,-0.044,0.0,0.0,0.0,0.0,0.0
2021/07/09/14:48:38.288873,-0.044,0.0,0.0,0.0,0.0,0.0
2021/07/09/14:48:38.389254,-0.044,0.0,0.0,0.0,0.0,0.0
2021/07/09/14:48:38.489416,-0.044,0.0,0.0,0.0,0.0,0.0
2021/07/09/14:48:38.589702,-0.044,0.0,0.0,0.0,0.0,0.0
2021/07/09/14:48:38.690157,-0.044,0.0,0.0,0.0,0.0,0.0
2021/07/09/14:48:38.790421,-0.044,0.0,0.0,0.0,0.0,0.0
2021/07/09/14:48:38.890747,-0.044,0.0,0.0,0.0,0.0,0.0
2021/07/09/14:48:38.990969,-0.044,0.0,0.0,0.0,0.0,0.0
2021/07/09/14:48:39.091202,-0.044,0.0,0.0,0.0,0.0,0.0
2021/07/09/14:48:39.191525,-0.044,0.0,0.0,0.0,0.0,0.0
2021/07/09/14:48:39.291787,-0.044,0.0,0.0,0.0,0.0,0.0
2021/07/09/14:48:39.392101,-0.044,0.0,0.0,0.0,0.0,0.0
2021/07/09/14:48:39.492308,-0.044,0.0,0.0,0.0,0.0,0.0
2021/07/09/14:48:39.592527,-0.044,0.0,0.0,0.0,0.0,0.0
2021/07/09/14:48:39.692958,-0.044,0.0,0.0,0.0,0.0,0.0
2021/07/09/14:48:39.793193,-0.044,0.0,0.0,0.0,0.0,0.0
2021/07/09/14:48:39.893408,-0.044,0.0,0.0,0.0,0.0,0.0
2021/07/09/14:48:39.993686,-0.044,0.0,0.0,0.0,0.0,0.0
2021/07/09/14:48:40.093983,-0.044,0.0,0.0,0.0,0.0,0.0
2021/07/09/14:48:40.194337,-0.044,0.0,0.0,0.0,0.0,0.0
2021/07/09/14:48:40.294669,-0.044,0.0,0.0,0.0,0.0,0.0
2021/07/09/14:48:40.395106,-0.044,0.0,0.0,0.0,0.0,0.0
2021/07/09/14:48:40.495283,-0.044,0.0,0.0,0.0,0.0,0.0
2021/07/09/14:48:40.595659,-0.044,0.0,0.0,0.0,0.0,0.0
2021/07/09/14:48:40.696924,-0.044,0.0,0.0,0.0,0.0,0.0
2021/07/09/14:48:40.796452,-0.044,0.0,0.0,0.0,0.0,0.0
2021/07/09/14:48:40.896805,-0.044,0.0,0.0,0.0,0.0,0.0
2021/07/09/14:48:40.997118,-0.044,0.0,0.0,0.0,0.0,0.0
2021/07/09/14:48:41.097341,-0.044,0.0,0.0,0.0,0.0,0.0
2021/07/09/14:48:41.197661,-0.044,0.0,0.0,0.0,0.0,0.0
2021/07/09/14:48:41.297922,-0.044,0.0,0.0,0.0,0.0,0.0
2021/07/09/14:48:41.398236,-0.044,0.0,0.0,0.0,0.0,0.0
2021/07/09/14:48:41.498478,-0.044,0.0,0.0,0.0,0.0,0.0
2021/07/09/14:48:41.598649,-0.044,0.0,0.0,0.0,0.0,0.0
2021/07/09/14:48:41.699334,-0.044,0.0,0.0,0.0,0.0,0.0
2021/07/09/14:48:41.799657,-0.044,0.0,0.0,0.0,0.0,0.0
2021/07/09/14:48:41.899976,-0.044,0.0,0.0,0.0,0.0,0.0
2021/07/09/14:48:42.000319,-0.044,0.0,0.0,0.0,0.0,0.0
2021/07/09/14:48:42.100559,-0.044,0.0,0.0,0.0,0.0,0.0
2021/07/09/14:48:42.202058,-0.044,0.0,0.0,0.0,0.0,0.0
2021/07/09/14:48:42.301689,-0.044,0.0,0.0,0.0,0.0,0.0
2021/07/09/14:48:42.402267,-0.044,0.0,0.0,0.0,0.0,0.0
2021/07/09/14:48:42.502598,0.0,0.0,0.0,0.0,0.0,0.0
2021/07/09/14:48:42.602848,0.0,0.0,0.0,0.0,0.0,0.0
2021/07/09/14:48:42.703377,0.0,0.0,0.0,0.0,0.0,0.0
2021/07/09/14:48:42.803882,0.0,0.0,0.0,0.0,0.0,0.0
2021/07/09/14:48:42.904307,0.0,0.0,0.0,0.0,0.0,0.0
2021/07/09/14:48:43.004719,0.0,0.0,0.0,0.0,0.0,0.0
2021/07/09/14:48:43.105010,0.0,0.0,0.0,0.0,0.0,0.0
2021/07/09/14:48:43.205327,0.0,0.0,0.0,0.0,0.0,0.0
2021/07/09/14:48:43.305599,0.0,0.0,0.0,0.0,0.0,0.0
2021/07/09/14:48:43.405982,0.0,0.0,0.0,0.0,0.0,0.0
2021/07/09/14:48:43.506342,0.0,0.0,0.0,0.0,0.0,0.0
2021/07/09/14:48:43.606593,0.0,0.0,0.0,0.0,0.0,0.0
2021/07/09/14:48:43.706834,0.0,0.0,0.0,0.0,0.0,0.0
2021/07/09/14:48:43.807171,0.0,0.0,0.0,0.0,0.0,0.0
2021/07/09/14:48:43.907526,0.0,0.0,0.0,0.0,0.0,0.0
2021/07/09/14:48:44.007907,0.0,0.0,0.0,0.0,0.0,0.0
2021/07/09/14:48:44.108083,0.0,0.0,0.0,0.0,0.0,0.0
2021/07/09/14:48:44.208451,0.0,0.0,0.0,0.0,0.0,0.0
2021/07/09/14:48:44.308811,0.0,0.0,0.0,0.0,0.0,0.0
2021/07/09/14:48:44.409257,0.0,0.0,0.0,0.0,0.0,0.0
2021/07/09/14:48:44.509452,0.0,0.0,0.0,0.0,0.0,0.0
2021/07/09/14:48:44.609699,0.0,0.0,0.0,0.0,0.0,0.0
2021/07/09/14:48:44.710039,0.066,0.0,0.0,0.0,0.0,0.0
2021/07/09/14:48:44.810345,0.066,0.0,0.0,0.0,0.0,0.0
2021/07/09/14:48:44.910744,0.066,0.0,0.0,0.0,0.0,0.0
2021/07/09/14:48:45.011111,0.066,0.0,0.0,0.0,0.0,0.0
2021/07/09/14:48:45.111434,0.066,0.0,0.0,0.0,0.0,0.0
2021/07/09/14:48:45.211663,0.066,0.0,0.0,0.0,0.0,0.0
2021/07/09/14:48:45.312002,0.066,0.0,0.0,0.0,0.0,0.0
2021/07/09/14:48:45.412405,0.066,0.0,0.0,0.0,0.0,0.0
2021/07/09/14:48:45.512605,0.066,0.0,0.0,0.0,0.0,0.0
2021/07/09/14:48:45.612785,0.066,0.0,0.0,0.0,0.0,0.0
2021/07/09/14:48:45.713109,0.066,0.0,0.0,0.0,0.0,0.0
2021/07/09/14:48:45.813605,0.066,0.0,0.0,0.0,0.0,0.0
2021/07/09/14:48:45.913948,0.066,0.0,0.0,0.0,0.0,0.0
2021/07/09/14:48:46.014291,0.066,0.0,0.0,0.0,0.0,0.0
2021/07/09/14:48:46.114666,0.066,0.0,0.0,0.0,0.0,0.0
2021/07/09/14:48:46.215009,0.066,0.0,0.0,0.0,0.0,0.0
2021/07/09/14:48:46.315410,0.066,0.0,0.0,0.0,0.0,0.0
2021/07/09/14:48:46.415781,0.066,0.0,0.0,0.0,0.0,0.0
2021/07/09/14:48:46.516159,0.066,0.0,0.0,0.0,0.0,0.0
2021/07/09/14:48:46.616508,0.066,0.0,0.0,0.0,0.0,0.0
2021/07/09/14:48:46.716882,0.066,0.0,0.0,0.0,0.0,0.0
2021/07/09/14:48:46.817236,0.066,0.0,0.0,0.0,0.0,0.0
2021/07/09/14:48:46.917688,0.066,0.0,0.0,0.0,0.0,0.0
2021/07/09/14:48:47.018067,0.066,0.0,0.0,0.0,0.0,0.0
2021/07/09/14:48:47.118296,0.066,0.0,0.0,0.0,0.0,0.0
2021/07/09/14:48:47.218539,0.066,0.0,0.0,0.0,0.0,0.0
2021/07/09/14:48:47.318817,0.066,0.0,0.0,0.0,0.0,0.0
2021/07/09/14:48:47.419129,0.066,0.0,0.0,0.0,0.0,0.0
2021/07/09/14:48:47.519443,0.066,0.0,0.0,0.0,0.0,0.0
2021/07/09/14:48:47.619689,0.066,0.0,0.0,0.0,0.0,0.0
2021/07/09/14:48:47.719964,0.066,0.0,0.0,0.0,0.0,0.0
2021/07/09/14:48:47.820256,0.066,0.0,0.0,0.0,0.0,0.0
2021/07/09/14:48:47.920596,0.066,0.0,0.0,0.0,0.0,0.0
2021/07/09/14:48:48.020810,0.066,0.0,0.0,0.0,0.0,0.0
2021/07/09/14:48:48.121043,0.066,0.0,0.0,0.0,0.0,0.0
2021/07/09/14:48:48.221276,0.066,0.0,0.0,0.0,0.0,0.0
2021/07/09/14:48:48.321445,0.066,0.0,0.0,0.0,0.0,0.0
2021/07/09/14:48:48.421871,0.066,0.0,0.0,0.0,0.0,0.0
2021/07/09/14:48:48.522186,0.066,0.0,0.0,0.0,0.0,0.0
2021/07/09/14:48:48.622454,0.066,0.0,0.0,0.0,0.0,0.0
2021/07/09/14:48:48.722772,0.066,0.0,0.0,0.0,0.0,0.0
2021/07/09/14:48:48.823101,0.066,0.0,0.0,0.0,0.0,0.0
2021/07/09/14:48:48.923403,0.066,0.0,0.0,0.0,0.0,0.0
2021/07/09/14:48:49.023672,0.066,0.0,0.0,0.0,0.0,0.0
2021/07/09/14:48:49.123862,0.066,0.0,0.0,0.0,0.0,0.0
2021/07/09/14:48:49.224107,0.066,0.0,0.0,0.0,0.0,0.0
2021/07/09/14:48:49.324605,0.066,0.0,0.0,0.0,0.0,0.0
2021/07/09/14:48:49.424882,0.066,0.0,0.0,0.0,0.0,0.0
2021/07/09/14:48:49.525229,0.066,0.0,0.0,0.0,0.0,0.0
2021/07/09/14:48:49.625540,0.066,0.0,0.0,0.0,0.0,0.0
2021/07/09/14:48:49.725769,0.066,0.0,0.0,0.0,0.0,0.0
2021/07/09/14:48:49.826240,0.066,0.0,0.0,0.0,0.0,0.0
2021/07/09/14:48:49.926446,0.066,0.0,0.0,0.0,0.0,0.0
2021/07/09/14:48:50.026709,0.0,0.0,0.0,0.0,0.0,0.0
2021/07/09/14:48:50.126975,0.0,0.0,0.0,0.0,0.0,0.0
2021/07/09/14:48:50.227195,0.0,0.0,0.0,0.0,0.0,0.0
2021/07/09/14:48:50.327482,0.0,0.0,0.0,0.0,0.0,0.0
2021/07/09/14:48:50.427771,0.0,0.0,0.0,0.0,0.0,0.0
2021/07/09/14:48:50.528080,0.0,0.0,0.0,0.0,0.0,0.0
2021/07/09/14:48:50.628390,0.0,0.0,0.0,0.0,0.0,0.0
2021/07/09/14:48:50.728706,0.0,0.0,0.0,0.0,0.0,0.0
2021/07/09/14:48:50.829046,0.0,0.0,0.0,0.0,0.0,0.0
2021/07/09/14:48:50.929402,0.0,0.0,0.0,0.0,0.0,0.0
2021/07/09/14:48:51.029739,0.0,0.0,0.0,0.0,0.0,0.0
2021/07/09/14:48:51.129902,0.0,0.0,0.0,0.0,0.0,0.0
2021/07/09/14:48:51.230298,0.0,0.0,0.0,0.0,0.0,0.0
2021/07/09/14:48:51.330643,0.0,0.0,0.0,0.0,0.0,0.0
2021/07/09/14:48:51.430777,0.0,0.0,0.0,0.0,0.0,0.0
2021/07/09/14:48:51.531126,0.0,0.0,0.0,0.0,0.0,0.0
2021/07/09/14:48:51.631356,0.0,0.0,0.0,0.0,0.0,0.0
2021/07/09/14:48:51.731663,0.0,0.0,0.0,0.0,0.0,0.0
2021/07/09/14:48:51.832040,0.0,0.0,0.0,0.0,0.0,0.0
2021/07/09/14:48:51.932347,0.0,0.0,0.0,0.0,0.0,0.0
2021/07/09/14:48:52.032667,0.0,0.0,0.0,0.0,0.0,0.0
2021/07/09/14:48:52.132886,0.0,0.0,0.0,0.0,0.0,0.0
2021/07/09/14:48:52.233379,-0.088,0.0,0.0,0.0,0.0,0.0
2021/07/09/14:48:52.333828,-0.088,0.0,0.0,0.0,0.0,0.0
2021/07/09/14:48:52.434002,-0.088,0.0,0.0,0.0,0.0,0.0
2021/07/09/14:48:52.534301,-0.088,0.0,0.0,0.0,0.0,0.0
2021/07/09/14:48:52.634621,-0.088,0.0,0.0,0.0,0.0,0.0
2021/07/09/14:48:52.734859,-0.088,0.0,0.0,0.0,0.0,0.0
2021/07/09/14:48:52.835226,-0.088,0.0,0.0,0.0,0.0,0.0
2021/07/09/14:48:52.935401,-0.088,0.0,0.0,0.0,0.0,0.0
2021/07/09/14:48:53.035668,-0.088,0.0,0.0,0.0,0.0,0.0
2021/07/09/14:48:53.135927,-0.088,0.0,0.0,0.0,0.0,0.0
2021/07/09/14:48:53.236268,-0.088,0.0,0.0,0.0,0.0,0.0
2021/07/09/14:48:53.336590,-0.088,0.0,0.0,0.0,0.0,0.0
2021/07/09/14:48:53.436963,-0.088,0.0,0.0,0.0,0.0,0.0
2021/07/09/14:48:53.537299,-0.088,0.0,0.0,0.0,0.0,0.0
2021/07/09/14:48:53.637508,-0.088,0.0,0.0,0.0,0.0,0.0
2021/07/09/14:48:53.737952,-0.088,0.0,0.0,0.0,0.0,0.0
2021/07/09/14:48:53.838336,-0.088,0.0,0.0,0.0,0.0,0.0
2021/07/09/14:48:53.938694,-0.088,0.0,0.0,0.0,0.0,0.0
2021/07/09/14:48:54.039110,-0.088,0.0,0.0,0.0,0.0,0.0
2021/07/09/14:48:54.139430,-0.088,0.0,0.0,0.0,0.0,0.0
2021/07/09/14:48:54.239654,-0.088,0.0,0.0,0.0,0.0,0.0
2021/07/09/14:48:54.340127,-0.088,0.0,0.0,0.0,0.0,0.0
2021/07/09/14:48:54.440518,-0.088,0.0,0.0,0.0,0.0,0.0
2021/07/09/14:48:54.540760,-0.088,0.0,0.0,0.0,0.0,0.0
2021/07/09/14:48:54.641052,-0.088,0.0,0.0,0.0,0.0,0.0
2021/07/09/14:48:54.741280,-0.088,0.0,0.0,0.0,0.0,0.0
2021/07/09/14:48:54.841619,-0.088,0.0,0.0,0.0,0.0,0.0
2021/07/09/14:48:54.942127,-0.088,0.0,0.0,0.0,0.0,0.0
2021/07/09/14:48:55.042516,-0.088,0.0,0.0,0.0,0.0,0.0
2021/07/09/14:48:55.142957,-0.088,0.0,0.0,0.0,0.0,0.0
2021/07/09/14:48:55.243233,-0.088,0.0,0.0,0.0,0.0,0.0
2021/07/09/14:48:55.343499,-0.088,0.0,0.0,0.0,0.0,0.0
2021/07/09/14:48:55.444102,-0.088,0.0,0.0,0.0,0.0,0.0
2021/07/09/14:48:55.544456,-0.088,0.0,0.0,0.0,0.0,0.0
2021/07/09/14:48:55.644794,-0.088,0.0,0.0,0.0,0.0,0.0
2021/07/09/14:48:55.745142,-0.088,0.0,0.0,0.0,0.0,0.0
2021/07/09/14:48:55.845441,-0.088,0.0,0.0,0.0,0.0,0.0
2021/07/09/14:48:55.945861,-0.088,0.0,0.0,0.0,0.0,0.0
2021/07/09/14:48:56.046112,-0.088,0.0,0.0,0.0,0.0,0.0
2021/07/09/14:48:56.146413,-0.088,0.0,0.0,0.0,0.0,0.0
2021/07/09/14:48:56.246623,0.0,0.0,0.0,0.0,0.0,0.0
2021/07/09/14:48:56.346880,0.0,0.0,0.0,0.0,0.0,0.0
2021/07/09/14:48:56.448194,0.0,0.0,0.0,0.0,0.0,0.0
2021/07/09/14:48:56.547678,0.0,0.0,0.0,0.0,0.0,0.0
2021/07/09/14:48:56.648029,0.0,0.0,0.0,0.0,0.0,0.0
2021/07/09/14:48:56.748412,0.0,0.0,0.0,0.0,0.0,0.0
2021/07/09/14:48:56.848618,0.0,0.0,0.0,0.0,0.0,0.0
2021/07/09/14:48:56.949273,0.0,0.0,0.0,0.0,0.0,0.0
2021/07/09/14:48:57.049429,0.0,0.0,0.0,0.0,0.0,0.0
2021/07/09/14:48:57.149671,0.0,0.0,0.0,0.0,0.0,0.0
2021/07/09/14:48:57.249986,0.0,0.0,0.0,0.0,0.0,0.0
2021/07/09/14:48:57.350232,0.0,0.0,0.0,0.0,0.0,0.0
2021/07/09/14:48:57.451174,0.0,0.0,0.0,0.0,0.0,0.0
2021/07/09/14:48:57.551347,0.0,0.0,0.0,0.0,0.0,0.0
2021/07/09/14:48:57.651713,0.0,0.0,0.0,0.0,0.0,0.0
2021/07/09/14:48:57.751935,0.0,0.0,0.0,0.0,0.0,0.0
2021/07/09/14:48:57.852146,0.0,0.0,0.0,0.0,0.0,0.0
2021/07/09/14:48:57.952450,0.0,0.0,0.0,0.0,0.0,0.0
2021/07/09/14:48:58.052744,0.0,0.0,0.0,0.0,0.0,0.0
2021/07/09/14:48:58.152997,0.0,0.0,0.0,0.0,0.0,0.0
2021/07/09/14:48:58.253321,0.0,0.0,0.0,0.0,0.0,0.0
2021/07/09/14:48:58.353591,0.0,0.0,0.0,0.0,0.0,0.0
2021/07/09/14:48:58.453886,0.11,0.0,0.0,0.0,0.0,0.0
2021/07/09/14:48:58.554236,0.11,0.0,0.0,0.0,0.0,0.0
2021/07/09/14:48:58.654522,0.11,0.0,0.0,0.0,0.0,0.0
2021/07/09/14:48:58.754907,0.11,0.0,0.0,0.0,0.0,0.0
2021/07/09/14:48:58.855128,0.11,0.0,0.0,0.0,0.0,0.0
2021/07/09/14:48:58.955426,0.11,0.0,0.0,0.0,0.0,0.0
2021/07/09/14:48:59.055784,0.11,0.0,0.0,0.0,0.0,0.0
2021/07/09/14:48:59.156090,0.11,0.0,0.0,0.0,0.0,0.0
2021/07/09/14:48:59.256376,0.11,0.0,0.0,0.0,0.0,0.0
2021/07/09/14:48:59.356707,0.11,0.0,0.0,0.0,0.0,0.0
2021/07/09/14:48:59.456955,0.11,0.0,0.0,0.0,0.0,0.0
2021/07/09/14:48:59.557320,0.11,0.0,0.0,0.0,0.0,0.0
2021/07/09/14:48:59.657610,0.11,0.0,0.0,0.0,0.0,0.0
2021/07/09/14:48:59.757968,0.11,0.0,0.0,0.0,0.0,0.0
2021/07/09/14:48:59.858126,0.11,0.0,0.0,0.0,0.0,0.0
2021/07/09/14:48:59.958461,0.11,0.0,0.0,0.0,0.0,0.0
2021/07/09/14:49:00.058705,0.11,0.0,0.0,0.0,0.0,0.0
2021/07/09/14:49:00.158979,0.11,0.0,0.0,0.0,0.0,0.0
2021/07/09/14:49:00.259218,0.11,0.0,0.0,0.0,0.0,0.0
2021/07/09/14:49:00.359515,0.11,0.0,0.0,0.0,0.0,0.0
2021/07/09/14:49:00.459844,0.11,0.0,0.0,0.0,0.0,0.0
2021/07/09/14:49:00.560151,0.11,0.0,0.0,0.0,0.0,0.0
2021/07/09/14:49:00.660331,0.11,0.0,0.0,0.0,0.0,0.0
2021/07/09/14:49:00.760655,0.11,0.0,0.0,0.0,0.0,0.0
2021/07/09/14:49:00.861139,0.11,0.0,0.0,0.0,0.0,0.0
2021/07/09/14:49:00.961555,0.11,0.0,0.0,0.0,0.0,0.0
2021/07/09/14:49:01.062071,0.11,0.0,0.0,0.0,0.0,0.0
2021/07/09/14:49:01.162409,0.11,0.0,0.0,0.0,0.0,0.0
2021/07/09/14:49:01.262671,0.11,0.0,0.0,0.0,0.0,0.0
2021/07/09/14:49:01.363031,0.11,0.0,0.0,0.0,0.0,0.0
2021/07/09/14:49:01.463471,0.11,0.0,0.0,0.0,0.0,0.0
2021/07/09/14:49:01.564003,0.11,0.0,0.0,0.0,0.0,0.0
2021/07/09/14:49:01.664500,0.0,0.0,0.0,0.0,0.0,0.0
2021/07/09/14:49:01.764794,0.0,0.0,0.0,0.0,0.0,0.0
2021/07/09/14:49:01.865136,0.0,0.0,0.0,0.0,0.0,0.0
2021/07/09/14:49:01.965533,0.0,0.0,0.0,0.0,0.0,0.0
2021/07/09/14:49:02.066020,0.0,0.0,0.0,0.0,0.0,0.0
2021/07/09/14:49:02.166351,0.0,0.0,0.0,0.0,0.0,0.0
2021/07/09/14:49:02.266727,0.0,0.0,0.0,0.0,0.0,0.0
2021/07/09/14:49:02.366986,0.0,0.0,0.0,0.0,0.0,0.0
2021/07/09/14:49:02.467262,0.0,0.0,0.0,0.0,0.0,0.0
2021/07/09/14:49:02.567652,0.0,0.0,0.0,0.0,0.0,0.0
2021/07/09/14:49:02.668067,0.0,0.0,0.0,0.0,0.0,0.0
2021/07/09/14:49:02.768194,0.0,0.0,0.0,0.0,0.0,0.0
2021/07/09/14:49:02.868547,0.0,0.0,0.0,0.0,0.0,0.0
2021/07/09/14:49:02.968797,0.0,0.0,0.0,0.0,0.0,0.0
2021/07/09/14:49:03.069158,0.0,0.0,0.0,0.0,0.0,0.0
2021/07/09/14:49:03.169413,0.0,0.0,0.0,0.0,0.0,0.0
2021/07/09/14:49:03.269761,0.0,0.0,0.0,0.0,0.0,0.0
2021/07/09/14:49:03.370043,0.0,0.0,0.0,0.0,0.0,0.0
2021/07/09/14:49:03.470322,0.0,0.0,0.0,0.0,0.0,0.0
2021/07/09/14:49:03.570845,0.0,0.0,0.0,0.0,0.0,0.0
2021/07/09/14:49:03.671185,0.0,0.0,0.0,0.0,0.0,0.0
2021/07/09/14:49:03.771451,0.0,0.0,0.0,0.0,0.0,0.0
2021/07/09/14:49:03.871758,-0.132,0.0,0.0,0.0,0.0,0.0
2021/07/09/14:49:03.971926,-0.132,0.0,0.0,0.0,0.0,0.0
2021/07/09/14:49:04.073419,-0.132,0.0,0.0,0.0,0.0,0.0
2021/07/09/14:49:04.172848,-0.132,0.0,0.0,0.0,0.0,0.0
2021/07/09/14:49:04.273066,-0.132,0.0,0.0,0.0,0.0,0.0
2021/07/09/14:49:04.373270,-0.132,0.0,0.0,0.0,0.0,0.0
2021/07/09/14:49:04.473501,-0.132,0.0,0.0,0.0,0.0,0.0
2021/07/09/14:49:04.574045,-0.132,0.0,0.0,0.0,0.0,0.0
2021/07/09/14:49:04.674377,-0.132,0.0,0.0,0.0,0.0,0.0
2021/07/09/14:49:04.774607,-0.132,0.0,0.0,0.0,0.0,0.0
2021/07/09/14:49:04.874920,-0.132,0.0,0.0,0.0,0.0,0.0
2021/07/09/14:49:04.975117,-0.132,0.0,0.0,0.0,0.0,0.0
2021/07/09/14:49:05.075502,-0.132,0.0,0.0,0.0,0.0,0.0
2021/07/09/14:49:05.175908,-0.132,0.0,0.0,0.0,0.0,0.0
2021/07/09/14:49:05.276235,-0.132,0.0,0.0,0.0,0.0,0.0
2021/07/09/14:49:05.376431,-0.132,0.0,0.0,0.0,0.0,0.0
2021/07/09/14:49:05.476664,-0.132,0.0,0.0,0.0,0.0,0.0
2021/07/09/14:49:05.577055,-0.132,0.0,0.0,0.0,0.0,0.0
2021/07/09/14:49:05.677332,-0.132,0.0,0.0,0.0,0.0,0.0
2021/07/09/14:49:05.777557,-0.132,0.0,0.0,0.0,0.0,0.0
2021/07/09/14:49:05.877764,-0.132,0.0,0.0,0.0,0.0,0.0
2021/07/09/14:49:05.977959,-0.132,0.0,0.0,0.0,0.0,0.0
2021/07/09/14:49:06.078219,-0.132,0.0,0.0,0.0,0.0,0.0
2021/07/09/14:49:06.178484,-0.132,0.0,0.0,0.0,0.0,0.0
2021/07/09/14:49:06.278765,-0.132,0.0,0.0,0.0,0.0,0.0
2021/07/09/14:49:06.378950,-0.132,0.0,0.0,0.0,0.0,0.0
2021/07/09/14:49:06.479202,-0.132,0.0,0.0,0.0,0.0,0.0
2021/07/09/14:49:06.579521,0.0,0.0,0.0,0.0,0.0,0.0
2021/07/09/14:49:06.679798,0.0,0.0,0.0,0.0,0.0,0.0
2021/07/09/14:49:06.780156,0.0,0.0,0.0,0.0,0.0,0.0
2021/07/09/14:49:06.880350,0.0,0.0,0.0,0.0,0.0,0.0
2021/07/09/14:49:06.980564,0.0,0.0,0.0,0.0,0.0,0.0
2021/07/09/14:49:07.080842,0.0,0.0,0.0,0.0,0.0,0.0
2021/07/09/14:49:07.181204,0.0,0.0,0.0,0.0,0.0,0.0
2021/07/09/14:49:07.281442,0.0,0.0,0.0,0.0,0.0,0.0
2021/07/09/14:49:07.381721,0.0,0.0,0.0,0.0,0.0,0.0
2021/07/09/14:49:07.481932,0.0,0.0,0.0,0.0,0.0,0.0
2021/07/09/14:49:07.582206,0.0,0.0,0.0,0.0,0.0,0.0
2021/07/09/14:49:07.682536,0.0,0.0,0.0,0.0,0.0,0.0
2021/07/09/14:49:07.782946,0.0,0.0,0.0,0.0,0.0,0.0
2021/07/09/14:49:07.883126,0.0,0.0,0.0,0.0,0.0,0.0
2021/07/09/14:49:07.983318,0.0,0.0,0.0,0.0,0.0,0.0
2021/07/09/14:49:08.083675,0.0,0.0,0.0,0.0,0.0,0.0
2021/07/09/14:49:08.183980,0.0,0.0,0.0,0.0,0.0,0.0
2021/07/09/14:49:08.284367,0.0,0.0,0.0,0.0,0.0,0.0
2021/07/09/14:49:08.384542,0.0,0.0,0.0,0.0,0.0,0.0
2021/07/09/14:49:08.484800,0.0,0.0,0.0,0.0,0.0,0.0
2021/07/09/14:49:08.585133,0.0,0.0,0.0,0.0,0.0,0.0
2021/07/09/14:49:08.685416,0.0,0.0,0.0,0.0,0.0,0.0
2021/07/09/14:49:08.785830,0.154,0.0,0.0,0.0,0.0,0.0
2021/07/09/14:49:08.886173,0.154,0.0,0.0,0.0,0.0,0.0
2021/07/09/14:49:08.986388,0.154,0.0,0.0,0.0,0.0,0.0
2021/07/09/14:49:09.086689,0.154,0.0,0.0,0.0,0.0,0.0
2021/07/09/14:49:09.187076,0.154,0.0,0.0,0.0,0.0,0.0
2021/07/09/14:49:09.287277,0.154,0.0,0.0,0.0,0.0,0.0
2021/07/09/14:49:09.387594,0.154,0.0,0.0,0.0,0.0,0.0
2021/07/09/14:49:09.487863,0.154,0.0,0.0,0.0,0.0,0.0
2021/07/09/14:49:09.588133,0.154,0.0,0.0,0.0,0.0,0.0
2021/07/09/14:49:09.688379,0.154,0.0,0.0,0.0,0.0,0.0
2021/07/09/14:49:09.788703,0.154,0.0,0.0,0.0,0.0,0.0
2021/07/09/14:49:09.889000,0.154,0.0,0.0,0.0,0.0,0.0
2021/07/09/14:49:09.989242,0.154,0.0,0.0,0.0,0.0,0.0
2021/07/09/14:49:10.089526,0.154,0.0,0.0,0.0,0.0,0.0
2021/07/09/14:49:10.189815,0.154,0.0,0.0,0.0,0.0,0.0
2021/07/09/14:49:10.290070,0.154,0.0,0.0,0.0,0.0,0.0
2021/07/09/14:49:10.390237,0.154,0.0,0.0,0.0,0.0,0.0
2021/07/09/14:49:10.490482,0.154,0.0,0.0,0.0,0.0,0.0
2021/07/09/14:49:10.590754,0.154,0.0,0.0,0.0,0.0,0.0
2021/07/09/14:49:10.691069,0.154,0.0,0.0,0.0,0.0,0.0
2021/07/09/14:49:10.791410,0.154,0.0,0.0,0.0,0.0,0.0
2021/07/09/14:49:10.891594,0.154,0.0,0.0,0.0,0.0,0.0
2021/07/09/14:49:10.991947,0.154,0.0,0.0,0.0,0.0,0.0
2021/07/09/14:49:11.092192,0.0,0.0,0.0,0.0,0.0,0.0
2021/07/09/14:49:11.192478,0.0,0.0,0.0,0.0,0.0,0.0
2021/07/09/14:49:11.292791,0.0,0.0,0.0,0.0,0.0,0.0
2021/07/09/14:49:11.393082,0.0,0.0,0.0,0.0,0.0,0.0
2021/07/09/14:49:11.493291,0.0,0.0,0.0,0.0,0.0,0.0
2021/07/09/14:49:11.593627,0.0,0.0,0.0,0.0,0.0,0.0
2021/07/09/14:49:11.694224,0.0,0.0,0.0,0.0,0.0,0.0
2021/07/09/14:49:11.794708,0.0,0.0,0.0,0.0,0.0,0.0
2021/07/09/14:49:11.895085,0.0,0.0,0.0,0.0,0.0,0.0
2021/07/09/14:49:11.995374,0.0,0.0,0.0,0.0,0.0,0.0
2021/07/09/14:49:12.095808,0.0,0.0,0.0,0.0,0.0,0.0
2021/07/09/14:49:12.197170,0.0,0.0,0.0,0.0,0.0,0.0
2021/07/09/14:49:12.297291,0.0,0.0,0.0,0.0,0.0,0.0
2021/07/09/14:49:12.397963,0.0,0.0,0.0,0.0,0.0,0.0
2021/07/09/14:49:12.498039,0.0,0.0,0.0,0.0,0.0,0.0
2021/07/09/14:49:12.598303,0.0,0.0,0.0,0.0,0.0,0.0
2021/07/09/14:49:12.698863,0.0,0.0,0.0,0.0,0.0,0.0
2021/07/09/14:49:12.799037,0.0,0.0,0.0,0.0,0.0,0.0
2021/07/09/14:49:12.899348,0.0,0.0,0.0,0.0,0.0,0.0
2021/07/09/14:49:12.999590,0.0,0.0,0.0,0.0,0.0,0.0
2021/07/09/14:49:13.099803,0.0,0.0,0.0,0.0,0.0,0.0
2021/07/09/14:49:13.200256,0.0,0.0,0.0,0.0,0.0,0.0
2021/07/09/14:49:13.300527,-0.176,0.0,0.0,0.0,0.0,0.0
2021/07/09/14:49:13.400754,-0.176,0.0,0.0,0.0,0.0,0.0
2021/07/09/14:49:13.501092,-0.176,0.0,0.0,0.0,0.0,0.0
2021/07/09/14:49:13.601255,-0.176,0.0,0.0,0.0,0.0,0.0
2021/07/09/14:49:13.701771,-0.176,0.0,0.0,0.0,0.0,0.0
2021/07/09/14:49:13.801973,-0.176,0.0,0.0,0.0,0.0,0.0
2021/07/09/14:49:13.902343,-0.176,0.0,0.0,0.0,0.0,0.0
2021/07/09/14:49:14.002599,-0.176,0.0,0.0,0.0,0.0,0.0
2021/07/09/14:49:14.102798,-0.176,0.0,0.0,0.0,0.0,0.0
2021/07/09/14:49:14.203309,-0.176,0.0,0.0,0.0,0.0,0.0
2021/07/09/14:49:14.303631,-0.176,0.0,0.0,0.0,0.0,0.0
2021/07/09/14:49:14.404048,-0.176,0.0,0.0,0.0,0.0,0.0
2021/07/09/14:49:14.504387,-0.176,0.0,0.0,0.0,0.0,0.0
2021/07/09/14:49:14.604637,-0.176,0.0,0.0,0.0,0.0,0.0
2021/07/09/14:49:14.705016,-0.176,0.0,0.0,0.0,0.0,0.0
2021/07/09/14:49:14.805273,-0.176,0.0,0.0,0.0,0.0,0.0
2021/07/09/14:49:14.905731,-0.176,0.0,0.0,0.0,0.0,0.0
2021/07/09/14:49:15.006040,-0.176,0.0,0.0,0.0,0.0,0.0
2021/07/09/14:49:15.106293,-0.176,0.0,0.0,0.0,0.0,0.0
2021/07/09/14:49:15.206617,-0.176,0.0,0.0,0.0,0.0,0.0
2021/07/09/14:49:15.306815,0.0,0.0,0.0,0.0,0.0,0.0
2021/07/09/14:49:15.407022,0.0,0.0,0.0,0.0,0.0,0.0
2021/07/09/14:49:15.507363,0.0,0.0,0.0,0.0,0.0,0.0
2021/07/09/14:49:15.607606,0.0,0.0,0.0,0.0,0.0,0.0
2021/07/09/14:49:15.707890,0.0,0.0,0.0,0.0,0.0,0.0
2021/07/09/14:49:15.808195,0.0,0.0,0.0,0.0,0.0,0.0
2021/07/09/14:49:15.908474,0.0,0.0,0.0,0.0,0.0,0.0
2021/07/09/14:49:16.008773,0.0,0.0,0.0,0.0,0.0,0.0
2021/07/09/14:49:16.108999,0.0,0.0,0.0,0.0,0.0,0.0
2021/07/09/14:49:16.209422,0.0,0.0,0.0,0.0,0.0,0.0
2021/07/09/14:49:16.309812,0.0,0.0,0.0,0.0,0.0,0.0
2021/07/09/14:49:16.410177,0.0,0.0,0.0,0.0,0.0,0.0
2021/07/09/14:49:16.510431,0.0,0.0,0.0,0.0,0.0,0.0
2021/07/09/14:49:16.610669,0.0,0.0,0.0,0.0,0.0,0.0
2021/07/09/14:49:16.710940,0.0,0.0,0.0,0.0,0.0,0.0
2021/07/09/14:49:16.811255,0.0,0.0,0.0,0.0,0.0,0.0
2021/07/09/14:49:16.911718,0.0,0.0,0.0,0.0,0.0,0.0
2021/07/09/14:49:17.012000,0.0,0.0,0.0,0.0,0.0,0.0
2021/07/09/14:49:17.112231,0.0,0.0,0.0,0.0,0.0,0.0
2021/07/09/14:49:17.212520,0.0,0.0,0.0,0.0,0.0,0.0
2021/07/09/14:49:17.312900,0.0,0.0,0.0,0.0,0.0,0.0
2021/07/09/14:49:17.413285,0.0,0.0,0.0,0.0,0.0,0.0
2021/07/09/14:49:17.513689,0.198,0.0,0.0,0.0,0.0,0.0
2021/07/09/14:49:17.613916,0.198,0.0,0.0,0.0,0.0,0.0
2021/07/09/14:49:17.714283,0.198,0.0,0.0,0.0,0.0,0.0
2021/07/09/14:49:17.814554,0.198,0.0,0.0,0.0,0.0,0.0
2021/07/09/14:49:17.914994,0.198,0.0,0.0,0.0,0.0,0.0
2021/07/09/14:49:18.015386,0.198,0.0,0.0,0.0,0.0,0.0
2021/07/09/14:49:18.115613,0.198,0.0,0.0,0.0,0.0,0.0
2021/07/09/14:49:18.215919,0.198,0.0,0.0,0.0,0.0,0.0
2021/07/09/14:49:18.316288,0.198,0.0,0.0,0.0,0.0,0.0
2021/07/09/14:49:18.416486,0.198,0.0,0.0,0.0,0.0,0.0
2021/07/09/14:49:18.516939,0.198,0.0,0.0,0.0,0.0,0.0
2021/07/09/14:49:18.617228,0.198,0.0,0.0,0.0,0.0,0.0
2021/07/09/14:49:18.717557,0.198,0.0,0.0,0.0,0.0,0.0
2021/07/09/14:49:18.817815,0.198,0.0,0.0,0.0,0.0,0.0
2021/07/09/14:49:18.918035,0.198,0.0,0.0,0.0,0.0,0.0
2021/07/09/14:49:19.018297,0.198,0.0,0.0,0.0,0.0,0.0
2021/07/09/14:49:19.118629,0.198,0.0,0.0,0.0,0.0,0.0
2021/07/09/14:49:19.218906,0.198,0.0,0.0,0.0,0.0,0.0
2021/07/09/14:49:19.319225,0.0,0.0,0.0,0.0,0.0,0.0
2021/07/09/14:49:19.419442,0.0,0.0,0.0,0.0,0.0,0.0
2021/07/09/14:49:19.519819,0.0,0.0,0.0,0.0,0.0,0.0
2021/07/09/14:49:19.620093,0.0,0.0,0.0,0.0,0.0,0.0
2021/07/09/14:49:19.720382,0.0,0.0,0.0,0.0,0.0,0.0
2021/07/09/14:49:19.820719,0.0,0.0,0.0,0.0,0.0,0.0
2021/07/09/14:49:19.921065,0.0,0.0,0.0,0.0,0.0,0.0
2021/07/09/14:49:20.021357,0.0,0.0,0.0,0.0,0.0,0.0
2021/07/09/14:49:20.121613,0.0,0.0,0.0,0.0,0.0,0.0
2021/07/09/14:49:20.221824,0.0,0.0,0.0,0.0,0.0,0.0
2021/07/09/14:49:20.322141,0.0,0.0,0.0,0.0,0.0,0.0
2021/07/09/14:49:20.422430,0.0,0.0,0.0,0.0,0.0,0.0
2021/07/09/14:49:20.522688,0.0,0.0,0.0,0.0,0.0,0.0
2021/07/09/14:49:20.622950,0.0,0.0,0.0,0.0,0.0,0.0
2021/07/09/14:49:20.723173,0.0,0.0,0.0,0.0,0.0,0.0
2021/07/09/14:49:20.823539,0.0,0.0,0.0,0.0,0.0,0.0
2021/07/09/14:49:20.923781,0.0,0.0,0.0,0.0,0.0,0.0
2021/07/09/14:49:21.024009,0.0,0.0,0.0,0.0,0.0,0.0
2021/07/09/14:49:21.124470,0.0,0.0,0.0,0.0,0.0,0.0
2021/07/09/14:49:21.224675,0.0,0.0,0.0,0.0,0.0,0.0
2021/07/09/14:49:21.325269,0.0,0.0,0.0,0.0,0.0,0.0
2021/07/09/14:49:21.425502,0.0,0.0,0.0,0.0,0.0,0.0
