11.682000000000698,0.0,0.0
11.781999999999243,0.0,0.0
11.881999999997788,0.0,0.0
11.983000000000175,0.0,0.0
12.08299999999872,0.0,0.0
12.182999999997264,0.0,0.0
12.28399999999965,0.0,0.0
12.383999999998196,0.0,0.0
12.48399999999674,0.0,0.0
12.584999999999127,0.0,0.0
12.686000000001513,0.0,0.0
12.786000000000058,0.0,0.0
12.885999999998603,0.0,0.0
12.905999999995402,0.005,0.0
13.006000000001222,0.01,0.0
13.106999999996333,0.01,0.0
13.186000000001513,0.01,-0.05
13.286000000000058,0.01,-0.1
13.360999999997148,0.015,-0.1
13.461999999999534,0.02,-0.1
13.56199999999808,0.02,-0.1
13.661999999996624,0.02,-0.1
13.697999999996682,0.025,-0.1
13.798000000002503,0.03,-0.1
13.898000000001048,0.03,-0.1
13.997999999999593,0.03,-0.1
14.074000000000524,0.035,-0.1
14.173999999999069,0.04,-0.1
14.275000000001455,0.04,-0.1
14.36200000000099,0.04,-0.05
14.461999999999534,0.04,0.0
14.56300000000192,0.04,0.0
14.663000000000466,0.04,0.0
14.76299999999901,0.04,0.0
14.864000000001397,0.04,0.0
14.963999999999942,0.04,0.0
15.063999999998487,0.04,0.0
15.13799999999901,0.045,0.0
15.237999999997555,0.05,0.0
15.339999999996508,0.05,0.0
15.440000000002328,0.05,0.0
15.540000000000873,0.05,0.0
15.639999999999418,0.05,0.0
15.741000000001804,0.05,0.0
15.84100000000035,0.05,0.0
15.94199999999546,0.05,0.0
16.04200000000128,0.05,0.0
16.141999999999825,0.05,0.0
16.243000000002212,0.05,0.0
16.343000000000757,0.05,0.0
16.4429999999993,0.05,0.0
16.544000000001688,0.05,0.0
16.644000000000233,0.05,0.0
16.743999999998778,0.05,0.0
16.843999999997322,0.05,0.0
16.866000000001804,0.05,0.05
16.96600000000035,0.05,0.1
17.065999999998894,0.05,0.1
17.16700000000128,0.05,0.1
17.266999999999825,0.05,0.1
17.36699999999837,0.05,0.1
17.466999999996915,0.05,0.1
17.472999999998137,0.05,0.15
17.574000000000524,0.05,0.2
17.67399999999907,0.05,0.2
17.773999999997613,0.05,0.2
17.87399999999616,0.05,0.2
17.968999999997322,0.05,0.25
18.06999999999971,0.05,0.3
18.169999999998254,0.05,0.3
18.2699999999968,0.05,0.3
18.370999999999185,0.05,0.3
18.47099999999773,0.05,0.3
18.570999999996275,0.05,0.3
18.67199999999866,0.05,0.3
18.771999999997206,0.05,0.3
18.87199999999575,0.05,0.3
18.97200000000157,0.05,0.3
19.072999999996682,0.05,0.3
19.112999999997555,0.055,0.3
19.213999999999942,0.06,0.3
19.313999999998487,0.06,0.3
19.41399999999703,0.06,0.3
19.514999999999418,0.06,0.3
19.614999999997963,0.06,0.3
19.714999999996508,0.06,0.3
19.815999999998894,0.06,0.3
19.91599999999744,0.06,0.3
20.015999999995984,0.06,0.3
20.11699999999837,0.06,0.3
20.216999999996915,0.06,0.3
20.31699999999546,0.06,0.3
20.417999999997846,0.06,0.3
20.51799999999639,0.06,0.3
20.618000000002212,0.06,0.3
20.718999999997322,0.06,0.3
20.818999999995867,0.06,0.3
20.919000000001688,0.06,0.3
21.0199999999968,0.06,0.3
21.12000000000262,0.06,0.3
21.220000000001164,0.06,0.3
21.320999999996275,0.06,0.3
21.421000000002095,0.06,0.3
21.52100000000064,0.06,0.3
21.62199999999575,0.06,0.3
21.72200000000157,0.06,0.3
21.822999999996682,0.06,0.3
21.923000000002503,0.06,0.3
22.023999999997613,0.06,0.3
22.02599999999802,0.06,0.25
22.125999999996566,0.06,0.2
22.226999999998952,0.06,0.2
22.326999999997497,0.06,0.2
22.426999999996042,0.06,0.2
22.52799999999843,0.06,0.2
22.627999999996973,0.06,0.2
22.72899999999936,0.06,0.2
22.828999999997905,0.06,0.2
22.84900000000198,0.065,0.2
22.94999999999709,0.07,0.2
23.049999999995634,0.07,0.2
23.15099999999802,0.07,0.2
23.250999999996566,0.07,0.2
23.351000000002387,0.07,0.2
23.451999999997497,0.07,0.2
23.551999999996042,0.07,0.2
23.65299999999843,0.07,0.2
23.752999999996973,0.07,0.2
23.85399999999936,0.07,0.2
23.953999999997905,0.07,0.2
24.05399999999645,0.07,0.2
24.080999999998312,0.07,0.15
24.1820000000007,0.07,0.1
24.281999999999243,0.07,0.1
24.38300000000163,0.07,0.1
24.483000000000175,0.07,0.1
24.56199999999808,0.07,0.05
24.661999999996624,0.07,2.77555756156e-17
24.76299999999901,0.07,2.77555756156e-17
24.862999999997555,0.07,2.77555756156e-17
24.9629999999961,0.07,2.77555756156e-17
25.063999999998487,0.07,2.77555756156e-17
25.16399999999703,0.07,2.77555756156e-17
25.263999999995576,0.07,2.77555756156e-17
25.364999999997963,0.07,2.77555756156e-17
25.464999999996508,0.07,2.77555756156e-17
25.56500000000233,0.07,2.77555756156e-17
25.66599999999744,0.07,2.77555756156e-17
25.765999999995984,0.07,2.77555756156e-17
25.866000000001804,0.07,2.77555756156e-17
25.966999999996915,0.07,2.77555756156e-17
26.06699999999546,0.07,2.77555756156e-17
26.167999999997846,0.07,2.77555756156e-17
26.26799999999639,0.07,2.77555756156e-17
26.368000000002212,0.07,2.77555756156e-17
26.468000000000757,0.07,2.77555756156e-17
26.568999999995867,0.07,2.77555756156e-17
26.669000000001688,0.07,2.77555756156e-17
26.769000000000233,0.07,2.77555756156e-17
26.87000000000262,0.07,2.77555756156e-17
26.970000000001164,0.07,2.77555756156e-17
27.025000000001455,0.075,2.77555756156e-17
27.125999999996566,0.08,2.77555756156e-17
27.226000000002387,0.08,2.77555756156e-17
27.32600000000093,0.08,2.77555756156e-17
27.425999999999476,0.08,2.77555756156e-17
27.527000000001863,0.08,2.77555756156e-17
27.627000000000407,0.08,2.77555756156e-17
27.726999999998952,0.08,2.77555756156e-17
27.82800000000134,0.08,2.77555756156e-17
27.927999999999884,0.08,2.77555756156e-17
28.02799999999843,0.08,2.77555756156e-17
28.129000000000815,0.08,2.77555756156e-17
28.15400000000227,0.08,0.05
28.254000000000815,0.08,0.1
28.35399999999936,0.08,0.1
28.440999999998894,0.08,0.15
28.54200000000128,0.08,0.2
28.641999999999825,0.08,0.2
28.74199999999837,0.08,0.2
28.843000000000757,0.08,0.2
28.9429999999993,0.08,0.2
29.044000000001688,0.08,0.2
29.144000000000233,0.08,0.2
29.243999999998778,0.08,0.2
29.3379999999961,0.075,0.2
29.438999999998487,0.07,0.2
29.53899999999703,0.07,0.2
29.638999999995576,0.07,0.2
29.72099999999773,0.065,0.2
29.820999999996275,0.06,0.2
29.92199999999866,0.06,0.2
30.021999999997206,0.06,0.2
30.03299999999581,0.055,0.2
30.133999999998196,0.05,0.2
30.23399999999674,0.05,0.2
30.33400000000256,0.05,0.2
30.43499999999767,0.05,0.2
30.464999999996508,0.0,0.0
30.56500000000233,0.0,0.0
30.66599999999744,0.0,0.0
30.765999999995984,0.0,0.0
30.784999999996217,0.0,0.0
30.885999999998603,0.0,0.0
30.985999999997148,0.0,0.0
31.008999999998196,-0.005,0.0
31.10899999999674,-0.01,0.0
31.209999999999127,-0.01,0.0
31.233000000000175,-0.015,0.0
31.33299999999872,-0.02,0.0
31.434000000001106,-0.02,0.0
31.53399999999965,-0.02,0.0
31.633999999998196,-0.02,0.0
31.640999999995984,-0.02,0.05
31.741000000001804,-0.02,0.1
31.84100000000035,-0.02,0.1
31.864999999997963,-0.02,0.15
31.964999999996508,-0.02,0.2
32.065999999998894,-0.02,0.2
32.09700000000157,-0.02,0.25
32.197000000000116,-0.02,0.3
32.2980000000025,-0.02,0.3
32.39400000000023,-0.02,0.35
32.49399999999878,-0.02,0.4
32.59399999999732,-0.02,0.4
32.69499999999971,-0.02,0.4
32.794999999998254,-0.02,0.4
32.86499999999796,-0.02,0.45
32.96499999999651,-0.02,0.5
33.065999999998894,-0.02,0.5
33.16599999999744,-0.02,0.5
33.265999999995984,-0.02,0.5
33.36699999999837,-0.02,0.5
33.466999999996915,-0.02,0.5
33.56699999999546,-0.02,0.5
33.667999999997846,-0.02,0.5
33.76799999999639,-0.02,0.5
33.86800000000221,-0.02,0.5
33.96899999999732,-0.02,0.5
34.06899999999587,-0.02,0.5
34.16900000000169,-0.02,0.5
34.2699999999968,-0.02,0.5
34.37000000000262,-0.02,0.5
34.470000000001164,-0.02,0.5
34.570999999996275,-0.02,0.5
34.671000000002095,-0.02,0.5
34.77100000000064,-0.02,0.5
34.870999999999185,-0.02,0.5
34.97200000000157,-0.02,0.5
35.072000000000116,-0.02,0.5
35.17199999999866,-0.02,0.5
35.271999999997206,-0.02,0.5
35.37299999999959,-0.02,0.5
35.47299999999814,-0.02,0.5
35.57299999999668,-0.02,0.5
35.67399999999907,-0.02,0.5
35.77399999999761,-0.02,0.5
35.86499999999796,-0.02,0.45
35.96499999999651,-0.02,0.4
36.065999999998894,-0.02,0.4
36.129000000000815,-0.02,0.35
36.22899999999936,-0.02,0.3
36.328999999997905,-0.02,0.3
36.43000000000029,-0.02,0.3
36.529999999998836,-0.02,0.3
36.63100000000122,-0.02,0.3
36.73099999999977,-0.02,0.3
36.78499999999622,-0.015,0.3
36.88500000000204,-0.01,0.3
36.98500000000058,-0.01,0.3
37.08599999999569,-0.01,0.3
37.104999999995925,-0.005,0.3
37.205000000001746,0.0,0.3
37.30599999999686,0.0,0.3
37.38500000000204,0.005,0.3
37.48500000000058,0.01,0.3
37.58599999999569,0.01,0.3
37.640999999995984,0.015,0.3
37.741000000001804,0.02,0.3
37.84100000000035,0.02,0.3
37.94199999999546,0.02,0.3
38.000999999996566,0.02,0.35
38.10100000000239,0.02,0.4
38.20100000000093,0.02,0.4
38.30199999999604,0.02,0.4
38.40200000000186,0.02,0.4
38.50200000000041,0.02,0.4
38.512000000002445,0.02,0.35
38.612999999997555,0.02,0.3
38.7129999999961,0.02,0.3
38.75200000000041,0.02,0.25
38.85299999999552,0.02,0.2
38.93600000000151,0.02,0.15
39.036999999996624,0.02,0.1
39.112999999997555,0.02,0.05
39.21399999999994,0.02,6.93889390391e-17
39.31500000000233,0.02,2.77555756156e-17
39.34599999999773,0.02,-0.05
39.445999999996275,0.02,-0.1
39.546000000002095,0.02,-0.1
39.640999999995984,0.02,-0.15
39.741000000001804,0.02,-0.2
39.76799999999639,0.025,-0.2
39.86899999999878,0.03,-0.2
39.96899999999732,0.03,-0.2
40.04899999999907,0.03,-0.15
40.14899999999761,0.03,-0.1
40.24899999999616,0.03,-0.1
40.3379999999961,0.03,-0.05
40.43800000000192,0.03,2.77555756156e-17
40.538000000000466,0.03,2.77555756156e-17
40.63799999999901,0.03,2.77555756156e-17
40.7390000000014,0.03,2.77555756156e-17
40.83899999999994,0.03,2.77555756156e-17
40.8640000000014,0.035,2.77555756156e-17
40.96499999999651,0.04,2.77555756156e-17
41.06500000000233,0.04,2.77555756156e-17
41.15200000000186,0.045,2.77555756156e-17
41.25299999999697,0.05,2.77555756156e-17
41.35299999999552,0.05,2.77555756156e-17
41.45300000000134,0.05,2.77555756156e-17
41.55399999999645,0.05,2.77555756156e-17
41.65400000000227,0.05,2.77555756156e-17
41.754000000000815,0.05,2.77555756156e-17
41.854999999995925,0.05,2.77555756156e-17
41.955000000001746,0.05,2.77555756156e-17
42.05500000000029,0.05,2.77555756156e-17
42.1559999999954,0.05,2.77555756156e-17
42.25600000000122,0.05,2.77555756156e-17
42.26499999999942,0.055,2.77555756156e-17
42.36499999999796,0.06,2.77555756156e-17
42.46600000000035,0.06,2.77555756156e-17
42.565999999998894,0.06,2.77555756156e-17
42.66599999999744,0.06,2.77555756156e-17
42.766999999999825,0.06,2.77555756156e-17
42.86699999999837,0.06,2.77555756156e-17
42.966999999996915,0.06,2.77555756156e-17
43.0679999999993,0.06,2.77555756156e-17
43.08099999999831,0.065,2.77555756156e-17
43.18099999999686,0.07,2.77555756156e-17
43.28199999999924,0.07,2.77555756156e-17
43.38199999999779,0.07,2.77555756156e-17
43.48199999999633,0.07,2.77555756156e-17
43.582000000002154,0.07,2.77555756156e-17
43.682999999997264,0.07,2.77555756156e-17
43.78299999999581,0.07,2.77555756156e-17
43.88300000000163,0.07,2.77555756156e-17
43.98399999999674,0.07,2.77555756156e-17
44.08599999999569,0.07,2.77555756156e-17
44.18499999999767,0.07,2.77555756156e-17
44.28499999999622,0.07,2.77555756156e-17
44.3859999999986,0.07,2.77555756156e-17
44.48599999999715,0.07,2.77555756156e-17
44.586999999999534,0.07,2.77555756156e-17
44.68699999999808,0.07,2.77555756156e-17
44.786999999996624,0.07,2.77555756156e-17
44.887000000002445,0.07,2.77555756156e-17
44.987999999997555,0.07,2.77555756156e-17
45.0879999999961,0.07,2.77555756156e-17
45.18899999999849,0.07,2.77555756156e-17
45.28899999999703,0.07,2.77555756156e-17
45.388999999995576,0.07,2.77555756156e-17
45.48999999999796,0.07,2.77555756156e-17
45.58999999999651,0.07,2.77555756156e-17
45.69000000000233,0.07,2.77555756156e-17
45.79099999999744,0.07,2.77555756156e-17
45.890999999995984,0.07,2.77555756156e-17
45.991000000001804,0.07,2.77555756156e-17
46.09100000000035,0.07,2.77555756156e-17
46.19199999999546,0.07,2.77555756156e-17
46.29200000000128,0.07,2.77555756156e-17
46.391999999999825,0.07,2.77555756156e-17
46.49300000000221,0.07,2.77555756156e-17
46.59300000000076,0.07,2.77555756156e-17
46.6929999999993,0.07,2.77555756156e-17
46.79400000000169,0.07,2.77555756156e-17
46.89400000000023,0.07,2.77555756156e-17
46.99399999999878,0.07,2.77555756156e-17
47.095000000001164,0.07,2.77555756156e-17
47.19499999999971,0.07,2.77555756156e-17
47.294999999998254,0.07,2.77555756156e-17
47.39600000000064,0.07,2.77555756156e-17
47.495999999999185,0.07,2.77555756156e-17
47.59599999999773,0.07,2.77555756156e-17
47.697000000000116,0.07,2.77555756156e-17
47.79699999999866,0.07,2.77555756156e-17
47.896999999997206,0.07,2.77555756156e-17
47.99799999999959,0.07,2.77555756156e-17
48.09799999999814,0.07,2.77555756156e-17
48.19799999999668,0.07,2.77555756156e-17
48.29899999999907,0.07,2.77555756156e-17
48.39899999999761,0.07,2.77555756156e-17
48.47200000000157,0.07,-0.05
48.57299999999668,0.07,-0.1
48.6730000000025,0.07,-0.1
48.77300000000105,0.07,-0.1
48.82499999999709,0.07,-0.15
48.924999999995634,0.07,-0.2
49.025000000001455,0.07,-0.2
49.125999999996566,0.07,-0.2
49.22600000000239,0.07,-0.2
49.32600000000093,0.07,-0.2
49.42699999999604,0.07,-0.2
49.52700000000186,0.07,-0.2
49.62700000000041,0.07,-0.2
49.72799999999552,0.07,-0.2
49.82800000000134,0.07,-0.2
49.927999999999884,0.07,-0.2
49.99199999999837,0.07,-0.25
50.091999999996915,0.07,-0.3
50.1929999999993,0.07,-0.3
50.292999999997846,0.07,-0.3
50.39400000000023,0.07,-0.3
50.49399999999878,0.07,-0.3
50.59399999999732,0.07,-0.3
50.69499999999971,0.07,-0.3
50.794999999998254,0.07,-0.3
50.8949999999968,0.07,-0.3
50.995999999999185,0.07,-0.3
51.09599999999773,0.07,-0.3
51.195999999996275,0.07,-0.3
51.29699999999866,0.07,-0.3
51.396999999997206,0.07,-0.3
51.49699999999575,0.07,-0.3
51.59799999999814,0.07,-0.3
51.69799999999668,0.07,-0.3
51.7980000000025,0.07,-0.3
51.89899999999761,0.07,-0.3
51.99899999999616,0.07,-0.3
52.09900000000198,0.07,-0.3
52.19999999999709,0.07,-0.3
52.299999999995634,0.07,-0.3
52.400000000001455,0.07,-0.3
52.500999999996566,0.07,-0.3
52.60100000000239,0.07,-0.3
52.70100000000093,0.07,-0.3
52.80199999999604,0.07,-0.3
52.90200000000186,0.07,-0.3
53.00200000000041,0.07,-0.3
53.10299999999552,0.07,-0.3
53.20300000000134,0.07,-0.3
53.302999999999884,0.07,-0.3
53.40400000000227,0.07,-0.3
53.504000000000815,0.07,-0.3
53.60399999999936,0.07,-0.3
53.705000000001746,0.07,-0.3
53.80500000000029,0.07,-0.3
53.904999999998836,0.07,-0.3
54.00499999999738,0.07,-0.3
54.10599999999977,0.07,-0.3
54.20599999999831,0.07,-0.3
54.30599999999686,0.07,-0.3
54.40699999999924,0.07,-0.3
54.50699999999779,0.07,-0.3
54.608000000000175,0.07,-0.3
54.70799999999872,0.07,-0.3
54.807999999997264,0.07,-0.3
54.90899999999965,0.07,-0.3
55.008999999998196,0.07,-0.3
55.11000000000058,0.07,-0.3
55.20999999999913,0.07,-0.3
55.31100000000151,0.07,-0.3
55.41100000000006,0.07,-0.3
55.5109999999986,0.07,-0.3
55.61200000000099,0.07,-0.3
55.7129999999961,0.07,-0.3
55.81300000000192,0.07,-0.3
55.913000000000466,0.07,-0.3
56.013999999995576,0.07,-0.3
56.1140000000014,0.07,-0.3
56.21399999999994,0.07,-0.3
56.31500000000233,0.07,-0.3
56.41500000000087,0.07,-0.3
56.51499999999942,0.07,-0.3
56.616000000001804,0.07,-0.3
56.71600000000035,0.07,-0.3
56.81699999999546,0.07,-0.3
56.91700000000128,0.07,-0.3
57.016999999999825,0.07,-0.3
57.11699999999837,0.07,-0.3
57.21800000000076,0.07,-0.3
57.24799999999959,0.07,-0.25
57.34799999999814,0.07,-0.2
57.449000000000524,0.07,-0.2
57.54899999999907,0.07,-0.2
57.58499999999913,0.07,-0.15
57.68499999999767,0.07,-0.1
57.78499999999622,0.07,-0.1
57.8859999999986,0.07,-0.1
57.98599999999715,0.07,-0.1
58.08599999999569,0.07,-0.1
58.18699999999808,0.07,-0.1
58.286999999996624,0.07,-0.1
58.387000000002445,0.07,-0.1
58.487999999997555,0.07,-0.1
58.5879999999961,0.07,-0.1
58.68899999999849,0.07,-0.1
58.78899999999703,0.07,-0.1
58.888999999995576,0.07,-0.1
58.98999999999796,0.07,-0.1
59.08999999999651,0.07,-0.1
59.19000000000233,0.07,-0.1
59.29099999999744,0.07,-0.1
59.390999999995984,0.07,-0.1
59.491000000001804,0.07,-0.1
59.591999999996915,0.07,-0.1
59.69199999999546,0.07,-0.1
59.79200000000128,0.07,-0.1
59.89299999999639,0.07,-0.1
59.99300000000221,0.07,-0.1
60.09300000000076,0.07,-0.1
60.19399999999587,0.07,-0.1
60.29400000000169,0.07,-0.1
60.39400000000023,0.07,-0.1
60.49399999999878,0.07,-0.1
60.595000000001164,0.07,-0.1
60.69499999999971,0.07,-0.1
60.794999999998254,0.07,-0.1
60.89600000000064,0.07,-0.1
60.995999999999185,0.07,-0.1
61.09599999999773,0.07,-0.1
61.197000000000116,0.07,-0.1
61.29699999999866,0.07,-0.1
61.396999999997206,0.07,-0.1
61.49699999999575,0.07,-0.1
61.59799999999814,0.07,-0.1
61.69799999999668,0.07,-0.1
61.7980000000025,0.07,-0.1
61.89899999999761,0.07,-0.1
61.99899999999616,0.07,-0.1
62.09900000000198,0.07,-0.1
62.19999999999709,0.07,-0.1
62.299999999995634,0.07,-0.1
62.400000000001455,0.07,-0.1
62.500999999996566,0.07,-0.1
62.60100000000239,0.07,-0.1
62.70100000000093,0.07,-0.1
62.72099999999773,0.07,-0.05
62.820999999996275,0.07,2.77555756156e-17
62.921000000002095,0.07,2.77555756156e-17
63.015999999995984,0.07,0.05
63.116000000001804,0.07,0.1
63.216999999996915,0.07,0.1
63.31699999999546,0.07,0.1
63.41700000000128,0.07,0.1
63.516999999999825,0.07,0.1
63.61800000000221,0.07,0.1
63.71800000000076,0.07,0.1
63.74399999999878,0.07,0.05
63.84399999999732,0.07,2.77555756156e-17
63.94399999999587,0.07,2.77555756156e-17
64.04499999999825,0.07,2.77555756156e-17
64.1449999999968,0.07,2.77555756156e-17
64.24599999999919,0.07,2.77555756156e-17
64.34599999999773,0.07,2.77555756156e-17
64.44599999999627,0.07,2.77555756156e-17
64.54699999999866,0.07,2.77555756156e-17
64.6469999999972,0.07,2.77555756156e-17
64.74399999999878,0.07,-0.05
64.84399999999732,0.07,-0.1
64.94399999999587,0.07,-0.1
65.04499999999825,0.07,-0.1
65.1449999999968,0.07,-0.1
65.24500000000262,0.07,-0.1
65.25600000000122,0.07,-0.15
65.35599999999977,0.07,-0.2
65.45599999999831,0.07,-0.2
65.5570000000007,0.07,-0.2
65.65699999999924,0.07,-0.2
65.75699999999779,0.07,-0.2
65.85699999999633,0.07,-0.2
65.95799999999872,0.07,-0.2
66.05799999999726,0.07,-0.2
66.15799999999581,0.07,-0.2
66.2589999999982,0.07,-0.2
66.35899999999674,0.07,-0.2
66.45999999999913,0.07,-0.2
66.56100000000151,0.07,-0.2
66.66100000000006,0.07,-0.2
66.7609999999986,0.07,-0.2
66.86200000000099,0.07,-0.2
66.96199999999953,0.07,-0.2
67.06199999999808,0.07,-0.2
67.16300000000047,0.07,-0.2
67.26299999999901,0.07,-0.2
67.36299999999756,0.07,-0.2
67.46399999999994,0.07,-0.2
67.56399999999849,0.07,-0.2
67.66399999999703,0.07,-0.2
67.76499999999942,0.07,-0.2
67.86499999999796,0.07,-0.2
67.96499999999651,0.07,-0.2
68.0659999999989,0.07,-0.2
68.16599999999744,0.07,-0.2
68.26599999999598,0.07,-0.2
68.3660000000018,0.07,-0.2
68.46699999999691,0.07,-0.2
68.56699999999546,0.07,-0.2
68.66700000000128,0.07,-0.2
68.76799999999639,0.07,-0.2
68.86800000000221,0.07,-0.2
68.96800000000076,0.07,-0.2
69.06899999999587,0.07,-0.2
69.16900000000169,0.07,-0.2
69.26900000000023,0.07,-0.2
69.35100000000239,0.065,-0.2
69.4519999999975,0.06,-0.2
69.55199999999604,0.06,-0.2
69.57600000000093,0.055,-0.2
69.67599999999948,0.05,-0.2
69.77599999999802,0.05,-0.2
69.79200000000128,0.045,-0.2
69.89199999999983,0.04,-0.2
69.97499999999854,0.035,-0.2
70.07600000000093,0.03,-0.2
70.17599999999948,0.03,-0.2
70.2390000000014,0.025,-0.2
70.33999999999651,0.02,-0.2
70.4409999999989,0.02,-0.2
70.52799999999843,0.015,-0.2
70.62799999999697,0.01,-0.2
70.72899999999936,0.01,-0.2
70.8289999999979,0.01,-0.2
70.87900000000081,0.005,-0.2
70.97999999999593,-3.46944695195e-18,-0.2
71.08000000000175,-3.46944695195e-18,-0.2
71.09599999999773,-0.005,-0.2
71.19599999999627,-0.01,-0.2
71.2960000000021,-0.01,-0.2
71.34399999999732,-0.015,-0.2
71.44399999999587,-0.02,-0.2
71.54499999999825,-0.02,-0.2
71.61499999999796,-0.025,-0.2
71.71600000000035,-0.03,-0.2
71.8159999999989,-0.03,-0.2
71.83200000000215,-0.035,-0.2
71.9320000000007,-0.04,-0.2
72.03299999999581,-0.04,-0.2
72.11899999999878,-0.045,-0.2
72.22000000000116,-0.05,-0.2
72.31999999999971,-0.05,-0.2
72.4210000000021,-0.05,-0.2
72.46499999999651,-0.055,-0.2
72.56500000000233,-0.06,-0.2
72.66599999999744,-0.06,-0.2
72.76599999999598,-0.06,-0.2
72.8660000000018,-0.06,-0.2
72.89600000000064,-0.065,-0.2
72.99599999999919,-0.07,-0.2
73.09599999999773,-0.07,-0.2
73.17599999999948,-0.075,-0.2
73.27599999999802,-0.08,-0.2
73.37599999999657,-0.08,-0.2
73.47699999999895,-0.08,-0.2
73.57600000000093,-0.075,-0.2
73.67599999999948,-0.07,-0.2
73.75099999999657,-0.065,-0.2
73.85100000000239,-0.06,-0.2
73.92799999999988,-0.06,-0.25
74.02799999999843,-0.06,-0.3
74.12900000000081,-0.06,-0.3
74.22899999999936,-0.06,-0.3
74.3289999999979,-0.06,-0.3
74.42799999999988,-0.06,-0.35
74.52900000000227,-0.06,-0.4
74.62900000000081,-0.06,-0.4
74.72899999999936,-0.06,-0.4
74.83000000000175,-0.06,-0.4
74.93000000000029,-0.06,-0.4
75.02999999999884,-0.06,-0.4
75.13100000000122,-0.06,-0.4
75.23099999999977,-0.06,-0.4
75.31899999999587,-0.055,-0.4
75.41999999999825,-0.05,-0.4
75.50299999999697,-0.045,-0.4
75.60399999999936,-0.04,-0.4
75.69599999999627,-0.035,-0.4
75.7960000000021,-0.03,-0.4
75.86299999999756,-0.025,-0.4
75.96399999999994,-0.02,-0.4
76.06399999999849,-0.02,-0.4
76.07099999999627,-0.015,-0.4
76.1710000000021,-0.01,-0.4
76.26299999999901,-0.005,-0.4
76.3640000000014,3.46944695195e-18,-0.4
76.46399999999994,3.46944695195e-18,-0.4
76.49500000000262,0.005,-0.4
76.59599999999773,0.01,-0.4
76.69599999999627,0.01,-0.4
76.7960000000021,0.01,-0.4
76.8969999999972,0.01,-0.4
76.99699999999575,0.01,-0.4
77.09700000000157,0.01,-0.4
77.19700000000012,0.01,-0.4
77.2980000000025,0.01,-0.4
77.32800000000134,0.015,-0.4
77.42899999999645,0.02,-0.4
77.52900000000227,0.02,-0.4
77.62299999999959,0.025,-0.4
77.72400000000198,0.03,-0.4
77.82400000000052,0.03,-0.4
77.8640000000014,0.035,-0.4
77.92699999999604,0.04,-0.35
78.02799999999843,0.04,-0.3
78.12799999999697,0.04,-0.3
78.16700000000128,0.04,-0.25
78.26799999999639,0.04,-0.2
78.36800000000221,0.04,-0.2
78.46800000000076,0.04,-0.2
78.56899999999587,0.04,-0.2
78.60699999999633,0.04,-0.15
78.70799999999872,0.04,-0.1
78.80799999999726,0.04,-0.1
78.90799999999581,0.04,-0.1
78.97499999999854,0.04,-0.05
79.07499999999709,0.04,-2.77555756156e-17
79.17599999999948,0.04,-2.77555756156e-17
79.27599999999802,0.04,-2.77555756156e-17
79.35899999999674,0.045,-2.77555756156e-17
79.45999999999913,0.05,-2.77555756156e-17
79.50299999999697,0.05,0.05
79.60399999999936,0.05,0.1
79.7039999999979,0.05,0.1
79.73500000000058,0.055,0.1
79.83599999999569,0.06,0.1
79.93600000000151,0.06,0.1
79.9910000000018,0.065,0.1
80.09100000000035,0.07,0.1
80.19199999999546,0.07,0.1
80.29200000000128,0.07,0.1
80.39299999999639,0.07,0.1
80.49300000000221,0.07,0.1
80.59399999999732,0.07,0.1
80.69399999999587,0.07,0.1
80.79499999999825,0.07,0.1
80.8949999999968,0.07,0.1
80.99500000000262,0.07,0.1
81.09599999999773,0.07,0.1
81.19599999999627,0.07,0.1
81.2960000000021,0.07,0.1
81.3969999999972,0.07,0.1
81.49699999999575,0.07,0.1
81.59700000000157,0.07,0.1
81.69799999999668,0.07,0.1
81.7980000000025,0.07,0.1
81.89800000000105,0.07,0.1
81.99799999999959,0.07,0.1
82.05500000000029,0.075,0.1
82.15499999999884,0.08,0.1
82.25600000000122,0.08,0.1
82.35599999999977,0.08,0.1
82.375,0.085,0.1
82.47499999999854,0.09,0.1
82.57499999999709,0.09,0.1
82.67599999999948,0.09,0.1
82.77599999999802,0.09,0.1
82.87599999999657,0.09,0.1
82.97600000000239,0.09,0.1
83.0769999999975,0.09,0.1
83.17699999999604,0.09,0.1
83.27700000000186,0.09,0.1
83.37700000000041,0.09,0.1
83.47799999999552,0.09,0.1
83.57800000000134,0.09,0.1
83.67799999999988,0.09,0.1
83.77900000000227,0.09,0.1
83.87900000000081,0.09,0.1
83.97899999999936,0.09,0.1
84.08000000000175,0.09,0.1
84.18000000000029,0.09,0.1
84.27999999999884,0.09,0.1
84.38100000000122,0.09,0.1
84.48099999999977,0.09,0.1
84.58099999999831,0.09,0.1
84.6820000000007,0.09,0.1
84.78199999999924,0.09,0.1
84.88199999999779,0.09,0.1
84.98199999999633,0.09,0.1
85.08299999999872,0.09,0.1
85.18299999999726,0.09,0.1
85.28299999999581,0.09,0.1
85.3839999999982,0.09,0.1
85.48399999999674,0.09,0.1
85.58499999999913,0.09,0.1
85.68499999999767,0.09,0.1
85.78499999999622,0.09,0.1
85.88500000000204,0.09,0.1
85.98599999999715,0.09,0.1
86.08599999999569,0.09,0.1
86.18699999999808,0.09,0.1
86.20700000000215,0.09,0.15
86.30799999999726,0.09,0.2
86.40799999999581,0.09,0.2
86.50800000000163,0.09,0.2
86.60899999999674,0.09,0.2
86.70900000000256,0.09,0.2
86.80999999999767,0.09,0.2
86.90999999999622,0.09,0.2
87.01000000000204,0.09,0.2
87.11000000000058,0.09,0.2
87.21099999999569,0.09,0.2
87.31100000000151,0.09,0.2
87.41199999999662,0.09,0.2
87.51200000000244,0.09,0.2
87.61200000000099,0.09,0.2
87.7129999999961,0.09,0.2
87.81300000000192,0.09,0.2
87.91300000000047,0.09,0.2
88.01399999999558,0.09,0.2
88.1140000000014,0.09,0.2
88.21499999999651,0.09,0.2
88.31500000000233,0.09,0.2
88.41599999999744,0.09,0.2
88.51599999999598,0.09,0.2
88.6160000000018,0.09,0.2
88.71699999999691,0.09,0.2
88.81699999999546,0.09,0.2
88.91700000000128,0.09,0.2
89.01799999999639,0.09,0.2
89.11800000000221,0.09,0.2
89.21800000000076,0.09,0.2
89.31899999999587,0.09,0.2
89.41900000000169,0.09,0.2
89.51900000000023,0.09,0.2
89.62000000000262,0.09,0.2
89.72000000000116,0.09,0.2
89.81999999999971,0.09,0.2
89.91999999999825,0.09,0.2
90.02100000000064,0.09,0.2
90.12099999999919,0.09,0.2
90.22099999999773,0.09,0.2
90.32200000000012,0.09,0.2
90.42199999999866,0.09,0.2
90.5219999999972,0.09,0.2
90.62299999999959,0.09,0.2
90.72299999999814,0.09,0.2
90.82299999999668,0.09,0.2
90.92399999999907,0.09,0.2
91.02399999999761,0.09,0.2
91.12399999999616,0.09,0.2
91.22499999999854,0.09,0.2
91.32499999999709,0.09,0.2
91.42499999999563,0.09,0.2
91.52599999999802,0.09,0.2
91.62599999999657,0.09,0.2
91.72600000000239,0.09,0.2
91.8269999999975,0.09,0.2
91.92699999999604,0.09,0.2
92.02700000000186,0.09,0.2
92.12799999999697,0.09,0.2
92.22799999999552,0.09,0.2
92.3289999999979,0.09,0.2
92.42899999999645,0.09,0.2
92.52999999999884,0.09,0.2
92.62999999999738,0.09,0.2
92.73099999999977,0.09,0.2
92.83099999999831,0.09,0.2
92.93099999999686,0.09,0.2
93.03199999999924,0.09,0.2
93.13199999999779,0.09,0.2
93.23199999999633,0.09,0.2
93.33299999999872,0.09,0.2
93.43299999999726,0.09,0.2
93.44700000000012,0.09,0.25
93.5480000000025,0.09,0.3
93.64800000000105,0.09,0.3
93.74799999999959,0.09,0.3
93.84900000000198,0.09,0.3
93.94900000000052,0.09,0.3
94.04999999999563,0.09,0.3
94.15000000000146,0.09,0.3
94.25099999999657,0.09,0.3
94.35100000000239,0.09,0.3
94.45100000000093,0.09,0.3
94.55199999999604,0.09,0.3
94.65200000000186,0.09,0.3
94.75299999999697,0.09,0.3
94.85299999999552,0.09,0.3
94.95300000000134,0.09,0.3
95.05399999999645,0.09,0.3
95.15400000000227,0.09,0.3
95.25400000000081,0.09,0.3
95.35499999999593,0.09,0.3
95.45500000000175,0.09,0.3
95.55500000000029,0.09,0.3
95.6559999999954,0.09,0.3
95.75600000000122,0.09,0.3
95.85599999999977,0.09,0.3
95.95599999999831,0.09,0.3
96.0570000000007,0.09,0.3
96.15699999999924,0.09,0.3
96.25699999999779,0.09,0.3
96.35800000000017,0.09,0.3
96.45799999999872,0.09,0.3
96.55799999999726,0.09,0.3
96.65899999999965,0.09,0.3
96.7589999999982,0.09,0.3
96.86000000000058,0.09,0.3
96.95999999999913,0.09,0.3
97.06100000000151,0.09,0.3
97.16100000000006,0.09,0.3
97.2609999999986,0.09,0.3
97.36200000000099,0.09,0.3
97.4629999999961,0.09,0.3
97.56300000000192,0.09,0.3
97.66300000000047,0.09,0.3
97.76399999999558,0.09,0.3
97.8640000000014,0.09,0.3
97.91900000000169,0.09,0.25
98.01900000000023,0.09,0.2
98.11899999999878,0.09,0.2
98.15000000000146,0.09,0.15
98.25099999999657,0.09,0.1
98.35100000000239,0.09,0.1
98.45100000000093,0.09,0.1
98.55099999999948,0.09,0.1
98.65200000000186,0.09,0.1
98.75200000000041,0.09,0.1
98.85199999999895,0.09,0.1
98.95300000000134,0.09,0.1
99.05299999999988,0.09,0.1
99.15299999999843,0.09,0.1
99.25299999999697,0.09,0.1
99.35399999999936,0.09,0.1
99.4539999999979,0.09,0.1
99.55500000000029,0.09,0.1
99.65499999999884,0.09,0.1
99.75499999999738,0.09,0.1
99.85599999999977,0.09,0.1
99.95599999999831,0.09,0.1
100.05599999999686,0.09,0.1
100.15699999999924,0.09,0.1
100.25699999999779,0.09,0.1
100.35699999999633,0.09,0.1
100.45799999999872,0.09,0.1
100.55799999999726,0.09,0.1
100.65799999999581,0.09,0.1
100.75800000000163,0.09,0.1
100.85899999999674,0.09,0.1
100.95999999999913,0.09,0.1
101.05999999999767,0.09,0.1
101.07099999999627,0.085,0.1
101.1710000000021,0.08,0.1
101.27100000000064,0.08,0.1
101.35899999999674,0.075,0.1
101.45999999999913,0.07,0.1
101.55999999999767,0.07,0.1
101.58200000000215,0.065,0.1
101.68299999999726,0.06,0.1
101.78299999999581,0.06,0.1
101.88300000000163,0.06,0.1
101.98399999999674,0.06,0.1
102.08400000000256,0.06,0.1
102.1840000000011,0.06,0.1
102.28499999999622,0.06,0.1
102.38500000000204,0.06,0.1
102.48500000000058,0.06,0.1
102.51900000000023,0.0,0.0
102.61899999999878,0.0,0.0
102.72000000000116,0.0,0.0
102.81999999999971,0.0,0.0
102.91999999999825,0.0,0.0
103.02100000000064,0.0,0.0
103.12099999999919,0.0,0.0
103.22200000000157,0.0,0.0
103.32200000000012,0.0,0.0
103.42199999999866,0.0,0.0
103.52300000000105,0.0,0.0
103.62299999999959,0.0,0.0
103.72299999999814,0.0,0.0
103.82400000000052,0.0,0.0
103.92399999999907,0.0,0.0
103.9429999999993,0.0,0.05
104.04299999999785,0.0,0.1
104.14400000000023,0.0,0.1
104.24399999999878,0.0,0.1
104.34399999999732,0.0,0.1
104.4429999999993,0.0,0.15
104.45500000000175,0.005,0.2
104.52599999999802,0.01,0.25
104.62700000000041,0.01,0.3
104.72699999999895,0.01,0.3
104.8269999999975,0.01,0.3
104.92799999999988,0.01,0.3
104.95999999999913,0.015,0.3
105.0590000000011,0.02,0.3
105.15999999999622,0.02,0.3
105.2390000000014,0.025,0.3
105.33899999999994,0.03,0.3
105.43899999999849,0.03,0.3
105.54000000000087,0.03,0.3
105.60599999999977,0.035,0.3
105.70700000000215,0.04,0.3
105.8070000000007,0.04,0.3
105.90699999999924,0.04,0.3
106.00800000000163,0.04,0.3
106.10199999999895,0.045,0.3
106.20300000000134,0.05,0.3
106.30299999999988,0.05,0.3
106.40299999999843,0.05,0.3
106.50400000000081,0.05,0.3
106.60399999999936,0.05,0.3
106.7039999999979,0.05,0.3
106.80500000000029,0.05,0.3
106.90499999999884,0.05,0.3
107.00600000000122,0.05,0.3
107.10599999999977,0.05,0.3
107.20599999999831,0.05,0.3
107.3070000000007,0.05,0.3
107.40699999999924,0.05,0.3
107.50800000000163,0.05,0.3
107.60800000000017,0.05,0.3
107.70900000000256,0.05,0.3
107.8090000000011,0.05,0.3
107.90899999999965,0.05,0.3
108.01000000000204,0.05,0.3
108.11000000000058,0.05,0.3
108.21099999999569,0.05,0.3
108.31199999999808,0.05,0.3
108.41199999999662,0.05,0.3
108.45500000000175,0.05,0.25
108.55500000000029,0.05,0.2
108.6559999999954,0.05,0.2
108.6710000000021,0.05,0.15
108.77100000000064,0.05,0.1
108.87099999999919,0.05,0.1
108.87799999999697,0.05,0.05
108.97799999999552,0.05,2.77555756156e-17
109.0789999999979,0.05,2.77555756156e-17
109.0879999999961,0.05,-0.05
109.18800000000192,0.05,-0.1
109.28800000000047,0.05,-0.1
109.38899999999558,0.05,-0.1
109.4890000000014,0.05,-0.1
109.54200000000128,0.055,-0.1
109.64299999999639,0.06,-0.1
109.74300000000221,0.06,-0.1
109.77399999999761,0.065,-0.1
109.875,0.07,-0.1
109.97499999999854,0.07,-0.1
110.06999999999971,0.07,-0.05
110.16999999999825,0.07,2.77555756156e-17
110.27100000000064,0.07,2.77555756156e-17
110.37099999999919,0.07,2.77555756156e-17
110.47099999999773,0.07,2.77555756156e-17
110.57200000000012,0.07,2.77555756156e-17
110.67199999999866,0.07,2.77555756156e-17
110.7719999999972,0.07,2.77555756156e-17
110.87199999999575,0.07,2.77555756156e-17
110.97200000000157,0.07,2.77555756156e-17
111.07299999999668,0.07,2.77555756156e-17
111.1730000000025,0.07,2.77555756156e-17
111.27300000000105,0.07,2.77555756156e-17
111.37399999999616,0.07,2.77555756156e-17
111.47400000000198,0.07,2.77555756156e-17
111.57400000000052,0.07,2.77555756156e-17
111.67499999999563,0.07,2.77555756156e-17
111.77500000000146,0.07,2.77555756156e-17
111.875,0.07,2.77555756156e-17
111.97600000000239,0.07,2.77555756156e-17
112.07600000000093,0.07,2.77555756156e-17
112.17599999999948,0.07,2.77555756156e-17
112.27700000000186,0.07,2.77555756156e-17
112.37700000000041,0.07,2.77555756156e-17
112.47799999999552,0.07,2.77555756156e-17
112.57800000000134,0.07,2.77555756156e-17
112.67899999999645,0.07,2.77555756156e-17
112.77900000000227,0.07,2.77555756156e-17
112.87900000000081,0.07,2.77555756156e-17
112.97999999999593,0.07,2.77555756156e-17
113.08000000000175,0.07,2.77555756156e-17
113.17399999999907,0.065,2.77555756156e-17
113.27500000000146,0.06,2.77555756156e-17
113.375,0.06,2.77555756156e-17
113.47000000000116,0.055,2.77555756156e-17
113.56999999999971,0.05,2.77555756156e-17
113.66999999999825,0.05,2.77555756156e-17
113.77100000000064,0.05,2.77555756156e-17
113.87099999999919,0.05,2.77555756156e-17
113.97099999999773,0.05,2.77555756156e-17
114.07200000000012,0.05,2.77555756156e-17
114.17199999999866,0.05,2.77555756156e-17
114.2719999999972,0.05,2.77555756156e-17
114.37299999999959,0.05,2.77555756156e-17
114.47299999999814,0.05,2.77555756156e-17
114.57299999999668,0.05,2.77555756156e-17
114.6730000000025,0.05,2.77555756156e-17
114.77399999999761,0.05,2.77555756156e-17
114.87399999999616,0.05,2.77555756156e-17
114.97400000000198,0.05,2.77555756156e-17
115.07400000000052,0.05,2.77555756156e-17
115.17499999999563,0.05,2.77555756156e-17
115.27500000000146,0.05,2.77555756156e-17
115.375,0.05,2.77555756156e-17
115.47600000000239,0.05,2.77555756156e-17
115.57600000000093,0.05,2.77555756156e-17
115.66199999999662,0.045,2.77555756156e-17
115.76299999999901,0.04,2.77555756156e-17
115.86299999999756,0.04,2.77555756156e-17
115.9629999999961,0.04,2.77555756156e-17
116.06399999999849,0.04,2.77555756156e-17
116.15000000000146,0.04,0.05
116.25,0.04,0.1
116.35100000000239,0.04,0.1
116.45100000000093,0.04,0.1
116.55199999999604,0.04,0.1
116.65200000000186,0.04,0.1
116.75200000000041,0.04,0.1
116.81399999999849,0.045,0.1
116.91500000000087,0.05,0.1
117.01499999999942,0.05,0.1
117.11499999999796,0.05,0.1
117.21600000000035,0.05,0.1
117.3159999999989,0.05,0.1
117.41700000000128,0.05,0.1
117.51000000000204,0.05,0.15
117.61099999999715,0.05,0.2
117.71099999999569,0.05,0.2
117.81199999999808,0.05,0.2
117.91199999999662,0.05,0.2
117.9340000000011,0.05,0.25
118.03399999999965,0.05,0.3
118.1339999999982,0.05,0.3
118.23399999999674,0.05,0.3
118.33499999999913,0.05,0.3
118.43499999999767,0.05,0.3
118.53499999999622,0.05,0.3
118.6359999999986,0.05,0.3
118.73599999999715,0.05,0.3
118.83599999999569,0.05,0.3
118.93699999999808,0.05,0.3
119.03699999999662,0.05,0.3
119.13700000000244,0.05,0.3
119.23799999999756,0.05,0.3
119.3379999999961,0.05,0.3
119.43800000000192,0.05,0.3
119.53899999999703,0.05,0.3
119.63899999999558,0.05,0.3
119.7390000000014,0.05,0.3
119.83899999999994,0.05,0.3
119.94000000000233,0.05,0.3
120.04000000000087,0.05,0.3
120.13999999999942,0.05,0.3
120.2410000000018,0.05,0.3
120.34100000000035,0.05,0.3
120.44199999999546,0.05,0.3
120.54200000000128,0.05,0.3
120.64199999999983,0.05,0.3
120.74300000000221,0.05,0.3
120.7980000000025,0.055,0.3
120.89899999999761,0.06,0.3
120.99899999999616,0.06,0.3
121.09900000000198,0.06,0.3
121.1339999999982,0.065,0.3
121.23399999999674,0.07,0.3
121.33400000000256,0.07,0.3
121.43499999999767,0.07,0.3
121.53499999999622,0.07,0.3
121.6359999999986,0.07,0.3
121.73599999999715,0.07,0.3
121.83699999999953,0.07,0.3
121.93800000000192,0.07,0.3
122.03899999999703,0.07,0.3
122.13899999999558,0.07,0.3
122.2390000000014,0.07,0.3
122.33999999999651,0.07,0.3
122.44000000000233,0.07,0.3
122.54000000000087,0.07,0.3
122.63999999999942,0.07,0.3
122.7019999999975,0.065,0.3
122.80199999999604,0.06,0.3
122.90299999999843,0.06,0.3
123.00299999999697,0.06,0.3
123.10299999999552,0.06,0.3
123.20300000000134,0.06,0.3
123.30399999999645,0.06,0.3
123.40400000000227,0.06,0.3
123.50499999999738,0.06,0.3
123.60499999999593,0.06,0.3
123.64600000000064,0.065,0.3
123.74599999999919,0.07,0.3
123.83899999999994,0.075,0.3
123.93899999999849,0.08,0.3
124.0219999999972,0.085,0.3
124.12199999999575,0.09,0.3
124.22299999999814,0.09,0.3
124.32299999999668,0.09,0.3
124.4230000000025,0.09,0.3
124.52399999999761,0.09,0.3
124.62199999999575,0.085,0.3
124.72299999999814,0.08,0.3
124.80599999999686,0.075,0.3
124.9059999999954,0.07,0.3
124.95900000000256,0.065,0.3
125.0590000000011,0.06,0.3
125.11699999999837,0.055,0.3
125.21800000000076,0.05,0.3
125.27799999999843,0.045,0.3
125.37799999999697,0.04,0.3
125.47899999999936,0.04,0.3
125.5789999999979,0.04,0.3
125.67899999999645,0.04,0.3
125.77999999999884,0.04,0.3
125.87999999999738,0.04,0.3
125.97999999999593,0.04,0.3
126.08099999999831,0.04,0.3
126.18099999999686,0.04,0.3
126.19799999999668,0.04,0.25
126.29899999999907,0.04,0.2
126.36499999999796,0.04,0.15
126.46600000000035,0.04,0.1
126.5659999999989,0.04,0.1
126.66599999999744,0.04,0.1
126.76599999999598,0.04,0.1
126.86699999999837,0.04,0.1
126.90099999999802,0.0,0.0
127.00200000000041,0.0,0.0
127.10199999999895,0.0,0.0
127.2019999999975,0.0,0.0
127.28499999999622,0.005,0.0
127.38500000000204,0.01,0.0
127.4629999999961,0.015,0.0
127.56399999999849,0.02,0.0
127.61299999999756,0.025,0.0
127.71399999999994,0.03,0.0
127.75800000000163,0.035,0.0
127.85800000000017,0.04,0.0
127.92599999999948,0.045,0.0
128.02599999999802,0.05,0.0
128.08699999999953,0.055,0.0
128.18699999999808,0.06,0.0
128.28800000000047,0.06,0.0
128.387999999999,0.06,0.0
128.48799999999756,0.06,0.0
128.58899999999994,0.06,0.0
128.6889999999985,0.06,0.0
128.79000000000087,0.06,0.0
128.88999999999942,0.06,0.0
128.98999999999796,0.06,0.0
129.09100000000035,0.06,0.0
129.1909999999989,0.06,0.0
129.29099999999744,0.06,0.0
129.39199999999983,0.06,0.0
129.49199999999837,0.06,0.0
129.59199999999691,0.06,0.0
129.6929999999993,0.06,0.0
129.79299999999785,0.06,0.0
129.8929999999964,0.06,0.0
129.9930000000022,0.06,0.0
130.09399999999732,0.06,0.0
130.19399999999587,0.06,0.0
130.29499999999825,0.06,0.0
130.3949999999968,0.06,0.0
130.49500000000262,0.06,0.0
130.59599999999773,0.06,0.0
130.69599999999627,0.06,0.0
130.7960000000021,0.06,0.0
130.8969999999972,0.06,0.0
130.99699999999575,0.06,0.0
131.09700000000157,0.06,0.0
131.19799999999668,0.06,0.0
131.2980000000025,0.06,0.0
131.39800000000105,0.06,0.0
131.4979999999996,0.06,0.0
131.59900000000198,0.06,0.0
131.69900000000052,0.06,0.0
131.79999999999563,0.06,0.0
131.90000000000146,0.06,0.0
132.0,0.06,0.0
132.1010000000024,0.06,0.0
132.20100000000093,0.06,0.0
132.30099999999948,0.06,0.0
132.40200000000186,0.06,0.0
132.5020000000004,0.06,0.0
132.60199999999895,0.06,0.0
132.70300000000134,0.06,0.0
132.7109999999957,0.0,0.0
132.8110000000015,0.0,0.0
132.91100000000006,0.0,0.0
132.92599999999948,0.0,0.0
133.02599999999802,0.0,0.0
133.12599999999657,0.0,0.0
133.2149999999965,0.0,0.0
133.31500000000233,0.0,0.0
133.41599999999744,0.0,0.0
133.4210000000021,0.005,0.0
133.5219999999972,0.01,0.0
133.59100000000035,0.015,0.0
133.6909999999989,0.02,0.0
133.74899999999616,0.025,0.0
133.84999999999854,0.03,0.0
133.90899999999965,0.035,0.0
134.01000000000204,0.04,0.0
134.0879999999961,0.045,0.0
134.18699999999808,0.05,0.0
134.28800000000047,0.05,0.0
134.2940000000017,0.055,0.0
134.39400000000023,0.06,0.0
134.4930000000022,0.065,0.0
134.59300000000076,0.07,0.0
134.6690000000017,0.075,0.0
134.7699999999968,0.08,0.0
134.87000000000262,0.08,0.0
134.90899999999965,0.085,0.0
135.01000000000204,0.09,0.0
135.11000000000058,0.09,0.0
135.2109999999957,0.09,0.0
135.3110000000015,0.09,0.0
135.38100000000122,0.09,0.05
135.48099999999977,0.09,0.1
135.58200000000215,0.09,0.1
135.6820000000007,0.09,0.1
135.78199999999924,0.09,0.1
135.81300000000192,0.09,0.15
135.91399999999703,0.09,0.2
136.01399999999558,0.09,0.2
136.1140000000014,0.09,0.2
136.14099999999598,0.09,0.25
136.2410000000018,0.09,0.3
136.34199999999691,0.09,0.3
136.44199999999546,0.09,0.3
136.54200000000128,0.09,0.3
136.6429999999964,0.09,0.3
136.7430000000022,0.09,0.3
136.8379999999961,0.09,0.35
136.9389999999985,0.09,0.4
137.03899999999703,0.09,0.4
137.13899999999558,0.09,0.4
137.2390000000014,0.09,0.4
137.3399999999965,0.09,0.4
137.44000000000233,0.09,0.4
137.48500000000058,0.09,0.45
137.5859999999957,0.09,0.5
137.6860000000015,0.09,0.5
137.78600000000006,0.09,0.5
137.83899999999994,0.09,0.55
137.9389999999985,0.09,0.6
138.03899999999703,0.09,0.6
138.13899999999558,0.09,0.6
138.2390000000014,0.09,0.6
138.3399999999965,0.09,0.6
138.44000000000233,0.09,0.6
138.54099999999744,0.09,0.6
138.64099999999598,0.09,0.6
138.74199999999837,0.09,0.6
138.79000000000087,0.085,0.6
138.88999999999942,0.08,0.6
138.95799999999872,0.075,0.6
139.05799999999726,0.07,0.6
139.10899999999674,0.065,0.6
139.20999999999913,0.06,0.6
139.30099999999948,0.055,0.6
139.40200000000186,0.05,0.6
139.5020000000004,0.05,0.6
139.60199999999895,0.05,0.6
139.70300000000134,0.05,0.6
139.71800000000076,0.055,0.6
139.8179999999993,0.06,0.6
139.9190000000017,0.06,0.6
139.92599999999948,0.065,0.6
140.02599999999802,0.07,0.6
140.10899999999674,0.07,0.55
140.20999999999913,0.07,0.5
140.2940000000017,0.07,0.45
140.39400000000023,0.07,0.4
140.46899999999732,0.07,0.35
140.56899999999587,0.07,0.3
140.59100000000035,0.075,0.3
140.6909999999989,0.08,0.3
140.79200000000128,0.08,0.3
140.8139999999985,0.08,0.25
140.91399999999703,0.08,0.2
140.99699999999575,0.085,0.2
141.09700000000157,0.09,0.2
141.19700000000012,0.09,0.2
141.26900000000023,0.09,0.15
141.34900000000198,0.095,0.1
141.44900000000052,0.1,0.1
141.54999999999563,0.1,0.1
141.56500000000233,0.105,0.1
141.66500000000087,0.11,0.1
141.7569999999978,0.115,0.1
141.85699999999633,0.12,0.1
141.95700000000215,0.12,0.1
141.98099999999977,0.125,0.1
142.0809999999983,0.13,0.1
142.18099999999686,0.13,0.1
142.28199999999924,0.13,0.1
142.3819999999978,0.13,0.1
142.48199999999633,0.13,0.1
142.58299999999872,0.13,0.1
142.68299999999726,0.13,0.1
142.7829999999958,0.13,0.1
142.88300000000163,0.13,0.1
142.98399999999674,0.13,0.1
143.04499999999825,0.125,0.1
143.1449999999968,0.12,0.1
143.24500000000262,0.12,0.1
143.26900000000023,0.115,0.1
143.36899999999878,0.11,0.1
143.46899999999732,0.11,0.1
143.47699999999895,0.105,0.1
143.5769999999975,0.1,0.1
143.67699999999604,0.095,0.1
143.77799999999843,0.09,0.1
143.87799999999697,0.09,0.1
143.97799999999552,0.09,0.1
144.02100000000064,0.085,0.1
144.12199999999575,0.08,0.1
144.22200000000157,0.08,0.1
144.32200000000012,0.08,0.1
144.4230000000025,0.08,0.1
144.52300000000105,0.08,0.1
144.6229999999996,0.08,0.1
144.70100000000093,0.0,0.0
144.80199999999604,0.0,0.0
144.90200000000186,0.0,0.0
145.0020000000004,0.0,0.0
145.10199999999895,0.0,0.0
145.20300000000134,0.0,0.0
145.30299999999988,0.0,0.0
145.40299999999843,0.0,0.0
145.50400000000081,0.0,0.0
145.60399999999936,0.0,0.0
145.7039999999979,0.0,0.0
145.8050000000003,0.0,0.0
145.90499999999884,0.0,0.0
146.00499999999738,0.0,0.0
146.10599999999977,0.0,0.0
146.2059999999983,0.0,0.0
146.30599999999686,0.0,0.0
146.4059999999954,0.0,0.0
146.5069999999978,0.0,0.0
146.5089999999982,0.0,-0.05
146.60899999999674,0.0,-0.1
146.70999999999913,0.0,-0.1
146.7410000000018,0.0,-0.15
146.84100000000035,0.0,-0.2
146.94199999999546,0.0,-0.2
147.00499999999738,0.0,-0.25
147.10499999999593,0.0,-0.3
147.2059999999983,0.0,-0.3
147.30599999999686,0.0,-0.3
147.3249999999971,0.0,-0.35
147.42499999999563,0.0,-0.4
147.47699999999895,0.0,-0.45
147.5769999999975,0.0,-0.5
147.67799999999988,0.0,-0.5
147.77799999999843,0.0,-0.5
147.87799999999697,0.0,-0.5
147.8929999999964,0.005,-0.5
147.9930000000022,0.01,-0.5
148.09399999999732,0.01,-0.5
148.19399999999587,0.01,-0.5
148.2940000000017,0.01,-0.5
148.3949999999968,0.01,-0.5
148.41199999999662,0.01,-0.45
148.512999999999,0.01,-0.4
148.5329999999958,0.015,-0.4
148.63300000000163,0.02,-0.4
148.73399999999674,0.02,-0.4
148.83400000000256,0.02,-0.4
148.92499999999563,0.02,-0.35
149.02500000000146,0.02,-0.3
149.125,0.02,-0.3
149.2260000000024,0.02,-0.3
149.2520000000004,0.02,-0.25
149.35299999999552,0.02,-0.2
149.45300000000134,0.02,-0.2
149.55299999999988,0.02,-0.2
149.61299999999756,0.02,-0.15
149.7129999999961,0.02,-0.1
149.8139999999985,0.02,-0.1
149.86099999999715,0.02,-0.05
149.96199999999953,0.02,-2.77555756156e-17
150.06199999999808,0.02,-2.77555756156e-17
150.16199999999662,0.02,-2.77555756156e-17
150.26200000000244,0.02,-2.77555756156e-17
150.29299999999785,0.02,0.05
150.3249999999971,0.025,0.1
150.42499999999563,0.03,0.1
150.52500000000146,0.03,0.1
150.62599999999657,0.03,0.1
150.7260000000024,0.03,0.1
150.82600000000093,0.03,0.1
150.92699999999604,0.03,0.1
151.02700000000186,0.03,0.1
151.1270000000004,0.03,0.1
151.22799999999552,0.03,0.1
151.32800000000134,0.03,0.1
151.42799999999988,0.03,0.1
151.52900000000227,0.03,0.1
151.62900000000081,0.03,0.1
151.72899999999936,0.03,0.1
151.82099999999627,0.035,0.1
151.92199999999866,0.04,0.1
152.0219999999972,0.04,0.1
152.1229999999996,0.04,0.1
152.22299999999814,0.04,0.1
152.32299999999668,0.04,0.1
152.42399999999907,0.04,0.1
152.51599999999598,0.04,0.15
152.61699999999837,0.04,0.2
152.71699999999691,0.04,0.2
152.8179999999993,0.04,0.2
152.91799999999785,0.04,0.2
153.0179999999964,0.04,0.2
153.11899999999878,0.04,0.2
153.21899999999732,0.04,0.2
153.31899999999587,0.04,0.2
153.41999999999825,0.04,0.2
153.48399999999674,0.04,0.25
153.58499999999913,0.04,0.3
153.68499999999767,0.04,0.3
153.78499999999622,0.04,0.3
153.8859999999986,0.04,0.3
153.98599999999715,0.04,0.3
154.0859999999957,0.035,0.3
154.18699999999808,0.03,0.3
154.28699999999662,0.03,0.3
154.3249999999971,0.025,0.3
154.42499999999563,0.02,0.3
154.52599999999802,0.02,0.3
154.5570000000007,0.015,0.3
154.65699999999924,0.01,0.3
154.7569999999978,0.01,0.3
154.7719999999972,0.005,0.3
154.8729999999996,-3.46944695195e-18,0.3
154.97299999999814,-3.46944695195e-18,0.3
154.99599999999919,-0.005,0.3
155.09700000000157,-0.01,0.3
155.19700000000012,-0.01,0.3
155.2149999999965,-0.015,0.3
155.31500000000233,-0.02,0.3
155.41500000000087,-0.02,0.3
155.5,-0.025,0.3
155.59999999999854,-0.03,0.3
155.70100000000093,-0.03,0.3
155.7569999999978,-0.035,0.3
155.85699999999633,-0.04,0.3
155.95700000000215,-0.04,0.3
156.01200000000244,-0.045,0.3
156.11299999999756,-0.05,0.3
156.2129999999961,-0.05,0.3
156.31300000000192,-0.05,0.3
156.41399999999703,-0.05,0.3
156.51399999999558,-0.05,0.3
156.6140000000014,-0.05,0.3
156.7149999999965,-0.05,0.3
156.81500000000233,-0.05,0.3
156.91500000000087,-0.05,0.3
157.01499999999942,-0.05,0.3
157.1160000000018,-0.05,0.3
157.2149999999965,-0.045,0.3
157.31500000000233,-0.04,0.3
157.41500000000087,-0.04,0.3
157.4760000000024,-0.035,0.3
157.5769999999975,-0.03,0.3
157.67699999999604,-0.03,0.3
157.77700000000186,-0.03,0.3
157.8770000000004,-0.03,0.3
157.97799999999552,-0.03,0.3
158.07800000000134,-0.03,0.3
158.17799999999988,-0.03,0.3
158.27900000000227,-0.03,0.3
158.37900000000081,-0.03,0.3
158.47899999999936,-0.03,0.3
158.5789999999979,-0.03,0.3
158.6800000000003,-0.03,0.3
158.77999999999884,-0.03,0.3
158.87999999999738,-0.03,0.3
158.97999999999593,-0.03,0.3
159.0809999999983,-0.03,0.3
159.18099999999686,-0.03,0.3
159.28199999999924,-0.03,0.3
159.37999999999738,0.0,0.0
159.47999999999593,0.0,0.0
159.5809999999983,0.0,0.0
159.68099999999686,0.0,0.0
159.7809999999954,0.0,0.0
159.8819999999978,0.0,0.0
159.98199999999633,0.0,0.0
160.08200000000215,0.0,0.0
160.18299999999726,0.0,0.0
160.2829999999958,0.0,0.0
160.38300000000163,0.0,0.0
160.48399999999674,0.0,0.0
160.5859999999957,0.0,0.0
160.68499999999767,0.0,0.0
160.78499999999622,0.0,0.0
160.8859999999986,0.0,0.0
160.98599999999715,0.0,0.0
161.08699999999953,0.0,0.0
161.18699999999808,0.0,0.0
161.28800000000047,0.0,0.0
161.387999999999,0.0,0.0
161.4890000000014,0.0,0.0
161.5899999999965,0.0,0.0
161.6909999999989,0.0,0.0
161.79099999999744,0.0,0.0
161.89099999999598,0.0,0.0
161.99199999999837,0.0,0.0
162.09199999999691,0.0,0.0
162.1929999999993,0.0,0.0
162.29299999999785,0.0,0.0
162.3929999999964,0.0,0.0
162.49399999999878,0.0,0.0
162.59399999999732,0.0,0.0
162.69399999999587,0.0,0.0
162.7940000000017,0.0,0.0
162.8949999999968,0.0,0.0
162.99500000000262,0.0,0.0
163.09500000000116,0.0,0.0
163.1949999999997,0.0,0.0
163.2960000000021,0.0,0.0
163.39600000000064,0.0,0.0
163.49599999999919,0.0,0.0
163.59700000000157,0.0,0.0
163.69700000000012,0.0,0.0
163.79699999999866,0.0,0.0
163.89800000000105,0.0,0.0
163.9979999999996,0.0,0.0
164.09799999999814,0.0,0.0
164.19799999999668,0.0,0.0
164.29899999999907,0.0,0.0
164.3989999999976,0.0,0.0
164.49899999999616,0.0,0.0
164.59999999999854,0.0,0.0
164.6999999999971,0.0,0.0
164.80099999999948,0.0,0.0
164.90099999999802,0.0,0.0
165.00099999999657,0.0,0.0
165.10199999999895,0.0,0.0
165.2019999999975,0.0,0.0
